iteration,layer_1_channels,layer_1_filter,layer_1_padding,layer_1_param_count,layer_2_channels,layer_2_filter,layer_2_padding,layer_2_param_count,layer_3_channels,layer_3_filter,layer_3_padding,layer_3_param_count,total_param_count
0,128,3,1,3584,256,1,2,33024,256,1,0,65792,102400
1,128,3,1,3584,64,1,0,8256,128,5,1,204928,216768
2,128,3,1,3584,128,1,1,16512,32,3,0,36896,56992
3,128,3,1,3584,16,5,0,51216,128,5,2,51328,106128
4,128,3,1,3584,128,1,0,16512,64,5,0,204864,224960
5,128,3,1,3584,256,3,2,295168,256,3,0,590080,888832
6,128,3,1,3584,128,5,2,409728,128,1,2,16512,429824
7,128,3,1,3584,256,1,2,33024,16,3,2,36880,73488
8,128,3,1,3584,32,1,2,4128,64,3,2,18496,26208
9,128,3,1,3584,256,3,2,295168,256,3,0,590080,888832
10,128,3,1,3584,32,5,1,102432,128,1,0,4224,110240
11,128,3,1,3584,64,1,2,8256,32,5,0,51232,63072
12,128,3,1,3584,16,1,0,2064,32,1,0,544,6192
13,128,3,1,3584,16,3,0,18448,64,5,0,25664,47696
14,128,3,1,3584,128,1,2,16512,16,1,0,2064,22160
15,128,3,1,3584,16,3,2,18448,32,1,0,544,22576
16,128,3,1,3584,32,1,0,4128,32,3,1,9248,16960
17,128,3,1,3584,128,1,2,16512,128,1,0,16512,36608
18,128,3,1,3584,16,1,2,2064,128,1,0,2176,7824
19,128,3,1,3584,128,3,0,147584,32,1,1,4128,155296
20,128,3,1,3584,32,3,2,36896,16,3,0,4624,45104
21,128,3,1,3584,32,1,0,4128,128,1,1,4224,11936
22,128,3,1,3584,32,1,1,4128,256,1,0,8448,16160
23,128,3,1,3584,256,5,2,819456,128,5,2,819328,1642368
24,128,3,1,3584,128,5,0,409728,256,5,0,819456,1232768
25,128,3,1,3584,128,3,0,147584,32,3,2,36896,188064
26,128,3,1,3584,128,5,2,409728,16,5,0,51216,464528
27,128,3,1,3584,64,1,0,8256,64,5,1,102464,114304
28,128,3,1,3584,256,1,0,33024,32,5,0,204832,241440
29,128,3,1,3584,64,5,2,204864,256,3,0,147712,356160
30,128,3,1,3584,64,3,0,73792,64,5,1,102464,179840
31,128,3,1,3584,16,5,0,51216,16,5,0,6416,61216
32,128,3,1,3584,64,1,1,8256,128,3,0,73856,85696
33,128,3,1,3584,128,3,2,147584,32,5,0,102432,253600
34,128,3,1,3584,64,3,2,73792,256,5,1,409856,487232
35,128,3,1,3584,256,5,0,819456,16,3,0,36880,859920
36,128,3,1,3584,16,5,0,51216,128,3,0,18560,73360
37,128,3,1,3584,64,3,2,73792,64,5,0,102464,179840
38,128,3,1,3584,64,1,2,8256,32,1,0,2080,13920
39,128,3,1,3584,128,3,2,147584,32,1,0,4128,155296
40,128,3,1,3584,128,5,0,409728,16,3,1,18448,431760
41,128,3,1,3584,32,5,2,102432,128,3,0,36992,143008
42,128,3,1,3584,256,3,0,295168,64,3,2,147520,446272
43,128,3,1,3584,128,5,1,409728,256,1,0,33024,446336
44,128,3,1,3584,128,5,2,409728,32,5,0,102432,515744
45,128,3,1,3584,64,3,0,73792,64,1,0,4160,81536
46,128,3,1,3584,64,5,2,204864,64,3,0,36928,245376
47,128,3,1,3584,256,1,1,33024,32,5,0,204832,241440
48,128,3,1,3584,64,1,1,8256,64,1,2,4160,16000
49,128,3,1,3584,256,1,2,33024,16,5,2,102416,139024
50,128,3,1,3584,256,5,0,819456,128,1,2,32896,855936
51,128,3,1,3584,64,1,0,8256,64,3,0,36928,48768
52,128,3,1,3584,32,3,0,36896,16,1,2,528,41008
53,128,3,1,3584,64,1,0,8256,256,3,1,147712,159552
54,128,3,1,3584,128,1,0,16512,128,1,2,16512,36608
55,128,3,1,3584,128,3,0,147584,128,3,0,147584,298752
56,128,3,1,3584,256,3,2,295168,256,5,2,1638656,1937408
57,128,3,1,3584,256,3,2,295168,64,5,0,409664,708416
58,128,3,1,3584,128,5,2,409728,32,3,1,36896,450208
59,128,3,1,3584,128,3,0,147584,32,3,0,36896,188064
60,128,3,1,3584,64,1,2,8256,32,3,0,18464,30304
61,128,3,1,3584,16,5,0,51216,256,5,1,102656,157456
62,128,3,1,3584,32,3,2,36896,256,3,0,73984,114464
63,128,3,1,3584,128,5,0,409728,128,1,0,16512,429824
64,128,3,1,3584,128,3,2,147584,64,3,0,73792,224960
65,128,3,1,3584,32,3,0,36896,128,1,0,4224,44704
66,128,3,1,3584,128,1,2,16512,32,3,2,36896,56992
67,128,3,1,3584,32,5,0,102432,16,3,0,4624,110640
68,128,3,1,3584,128,5,2,409728,64,5,2,204864,618176
69,128,3,1,3584,32,5,1,102432,64,1,0,2112,108128
70,128,3,1,3584,128,3,0,147584,128,1,2,16512,167680
71,128,3,1,3584,32,3,2,36896,32,5,1,25632,66112
72,128,3,1,3584,32,3,0,36896,64,3,2,18496,58976
73,128,3,1,3584,32,3,2,36896,256,5,2,205056,245536
74,128,3,1,3584,16,1,2,2064,32,1,0,544,6192
75,128,3,1,3584,128,5,0,409728,32,3,0,36896,450208
76,128,3,1,3584,256,3,2,295168,64,3,0,147520,446272
77,128,3,1,3584,64,3,2,73792,16,5,1,25616,102992
78,128,3,1,3584,128,5,1,409728,128,1,0,16512,429824
79,128,3,1,3584,256,3,2,295168,256,3,1,590080,888832
80,128,3,1,3584,128,3,2,147584,64,3,1,73792,224960
81,128,3,1,3584,64,3,2,73792,128,3,0,73856,151232
82,128,3,1,3584,64,5,2,204864,64,5,2,102464,310912
83,128,3,1,3584,32,3,2,36896,256,3,1,73984,114464
84,128,3,1,3584,64,3,1,73792,32,5,0,51232,128608
85,128,3,1,3584,64,1,0,8256,32,5,1,51232,63072
86,128,3,1,3584,64,5,0,204864,64,3,1,36928,245376
87,128,3,1,3584,64,3,2,73792,128,3,0,73856,151232
88,128,3,1,3584,256,1,1,33024,16,3,2,36880,73488
89,128,3,1,3584,128,1,2,16512,32,3,1,36896,56992
90,128,3,1,3584,32,3,0,36896,128,1,2,4224,44704
91,128,3,1,3584,64,3,1,73792,128,3,0,73856,151232
92,128,3,1,3584,16,5,2,51216,32,5,1,12832,67632
93,128,3,1,3584,32,3,0,36896,32,3,0,9248,49728
94,128,3,1,3584,64,3,2,73792,256,5,1,409856,487232
95,128,3,1,3584,64,3,1,73792,32,1,1,2080,79456
96,128,3,1,3584,256,5,2,819456,32,5,1,204832,1027872
97,128,3,1,3584,64,1,2,8256,64,5,0,102464,114304
98,128,3,1,3584,256,3,0,295168,64,5,0,409664,708416
99,128,3,1,3584,64,5,1,204864,128,3,0,73856,282304
100,128,3,1,3584,32,5,0,102432,64,3,1,18496,124512
101,128,3,1,3584,64,3,2,73792,256,3,0,147712,225088
102,128,3,1,3584,128,3,0,147584,256,5,1,819456,970624
103,128,3,1,3584,32,1,1,4128,64,3,0,18496,26208
104,128,3,1,3584,64,5,2,204864,128,3,2,73856,282304
105,128,3,1,3584,64,3,2,73792,16,3,1,9232,86608
106,128,3,1,3584,128,5,1,409728,32,1,0,4128,417440
107,128,3,1,3584,128,3,2,147584,64,5,0,204864,356032
108,128,3,1,3584,64,5,1,204864,64,5,0,102464,310912
109,128,3,1,3584,64,3,1,73792,32,1,1,2080,79456
110,128,3,1,3584,64,3,1,73792,256,3,1,147712,225088
111,128,3,1,3584,64,1,2,8256,32,1,0,2080,13920
112,128,3,1,3584,256,1,2,33024,128,5,1,819328,855936
113,128,3,1,3584,128,3,2,147584,32,3,0,36896,188064
114,128,3,1,3584,16,3,0,18448,32,3,0,4640,26672
115,128,3,1,3584,16,1,1,2064,64,3,0,9280,14928
116,128,3,1,3584,32,3,2,36896,64,5,1,51264,91744
117,128,3,1,3584,64,3,2,73792,64,3,1,36928,114304
118,128,3,1,3584,64,5,1,204864,256,5,2,409856,618304
119,128,3,1,3584,64,5,0,204864,16,5,0,25616,234064
120,128,3,1,3584,32,3,1,36896,64,5,0,51264,91744
121,128,3,1,3584,128,3,2,147584,32,3,0,36896,188064
122,128,3,1,3584,64,5,2,204864,64,5,0,102464,310912
123,128,3,1,3584,64,3,0,73792,64,3,2,36928,114304
124,128,3,1,3584,64,3,1,73792,32,3,0,18464,95840
125,128,3,1,3584,128,1,0,16512,64,5,2,204864,224960
126,128,3,1,3584,64,5,2,204864,64,3,2,36928,245376
127,128,3,1,3584,128,3,0,147584,64,1,0,8256,159424
128,128,3,1,3584,128,5,1,409728,32,3,1,36896,450208
129,128,3,1,3584,32,3,0,36896,16,5,1,12816,53296
130,128,3,1,3584,64,3,0,73792,256,5,0,409856,487232
131,128,3,1,3584,64,3,1,73792,32,3,0,18464,95840
132,128,3,1,3584,64,5,1,204864,64,3,0,36928,245376
133,128,3,1,3584,32,1,0,4128,64,3,0,18496,26208
134,128,3,1,3584,64,3,1,73792,64,3,0,36928,114304
135,128,3,1,3584,64,5,2,204864,32,5,0,51232,259680
136,128,3,1,3584,64,3,1,73792,256,3,1,147712,225088
137,128,3,1,3584,32,3,2,36896,256,5,1,205056,245536
138,128,3,1,3584,64,3,1,73792,32,3,0,18464,95840
139,128,3,1,3584,128,3,1,147584,16,3,0,18448,169616
140,128,3,1,3584,128,5,2,409728,64,3,1,73792,487104
141,128,3,1,3584,64,3,2,73792,32,5,0,51232,128608
142,128,3,1,3584,64,3,0,73792,256,3,2,147712,225088
143,128,3,1,3584,64,3,0,73792,256,5,0,409856,487232
144,128,3,1,3584,64,3,1,73792,64,3,0,36928,114304
145,128,3,1,3584,64,5,0,204864,256,1,0,16640,225088
146,128,3,1,3584,64,3,0,73792,64,5,0,102464,179840
147,128,3,1,3584,64,1,2,8256,256,3,1,147712,159552
148,128,3,1,3584,256,3,0,295168,128,3,0,295040,593792
149,128,3,1,3584,64,5,0,204864,128,5,0,204928,413376
150,128,3,1,3584,32,3,2,36896,64,5,0,51264,91744
151,128,3,1,3584,32,3,1,36896,128,3,0,36992,77472
152,128,3,1,3584,64,3,1,73792,64,3,0,36928,114304
153,128,3,1,3584,32,3,0,36896,64,3,0,18496,58976
154,128,3,1,3584,64,3,0,73792,32,1,0,2080,79456
155,128,3,1,3584,64,3,2,73792,256,3,2,147712,225088
156,128,3,1,3584,256,3,2,295168,32,3,0,73760,372512
157,128,3,1,3584,16,5,0,51216,64,5,0,25664,80464
158,128,3,1,3584,64,5,1,204864,32,5,0,51232,259680
159,128,3,1,3584,64,3,1,73792,32,3,2,18464,95840
160,128,3,1,3584,32,3,2,36896,64,5,0,51264,91744
161,128,3,1,3584,32,3,0,36896,32,3,2,9248,49728
162,128,3,1,3584,256,3,1,295168,64,3,2,147520,446272
163,128,3,1,3584,32,3,0,36896,32,3,0,9248,49728
164,128,3,1,3584,64,3,0,73792,64,3,0,36928,114304
165,128,3,1,3584,64,1,0,8256,32,3,1,18464,30304
166,128,3,1,3584,128,3,2,147584,128,5,0,409728,560896
167,128,3,1,3584,128,3,0,147584,64,3,1,73792,224960
168,128,3,1,3584,64,5,1,204864,64,5,2,102464,310912
169,128,3,1,3584,32,3,1,36896,16,3,1,4624,45104
170,128,3,1,3584,128,3,0,147584,32,3,1,36896,188064
171,128,3,1,3584,256,3,0,295168,64,3,1,147520,446272
172,128,3,1,3584,64,5,1,204864,64,5,0,102464,310912
173,128,3,1,3584,128,5,1,409728,128,5,0,409728,823040
174,128,3,1,3584,32,3,1,36896,32,3,0,9248,49728
175,128,3,1,3584,32,3,0,36896,256,1,0,8448,48928
176,128,3,1,3584,128,3,0,147584,64,5,1,204864,356032
177,128,3,1,3584,16,3,0,18448,128,3,0,18560,40592
178,128,3,1,3584,32,3,1,36896,256,3,0,73984,114464
179,128,3,1,3584,128,3,0,147584,32,5,1,102432,253600
180,128,3,1,3584,64,3,0,73792,32,1,0,2080,79456
181,128,3,1,3584,32,3,0,36896,256,3,2,73984,114464
182,128,3,1,3584,64,3,1,73792,256,5,0,409856,487232
183,128,3,1,3584,64,5,0,204864,32,5,2,51232,259680
184,128,3,1,3584,64,5,1,204864,64,5,1,102464,310912
185,128,3,1,3584,64,3,0,73792,256,1,1,16640,94016
186,128,3,1,3584,64,3,0,73792,32,5,0,51232,128608
187,128,3,1,3584,128,1,1,16512,32,3,0,36896,56992
188,128,3,1,3584,64,3,0,73792,64,3,1,36928,114304
189,128,3,1,3584,128,3,0,147584,64,3,0,73792,224960
190,128,3,1,3584,64,3,1,73792,64,1,0,4160,81536
191,128,3,1,3584,64,1,2,8256,32,3,0,18464,30304
192,128,3,1,3584,64,5,0,204864,64,3,0,36928,245376
193,128,3,1,3584,64,3,1,73792,32,5,0,51232,128608
194,128,3,1,3584,32,3,0,36896,32,3,0,9248,49728
195,128,3,1,3584,64,5,1,204864,32,3,2,18464,226912
196,128,3,1,3584,32,3,1,36896,128,1,2,4224,44704
197,128,3,1,3584,64,3,2,73792,32,5,1,51232,128608
198,128,3,1,3584,64,3,0,73792,32,1,1,2080,79456
199,128,3,1,3584,16,3,0,18448,64,3,1,9280,31312
200,128,3,1,3584,32,1,1,4128,32,5,1,25632,33344
201,128,3,1,3584,64,1,2,8256,32,5,1,51232,63072
202,128,3,1,3584,64,3,2,73792,16,3,0,9232,86608
203,128,3,1,3584,128,3,1,147584,32,3,0,36896,188064
204,128,3,1,3584,64,5,2,204864,64,3,0,36928,245376
205,128,3,1,3584,64,3,2,73792,64,3,1,36928,114304
206,128,3,1,3584,64,3,1,73792,16,5,0,25616,102992
207,128,3,1,3584,32,3,1,36896,32,3,0,9248,49728
208,128,3,1,3584,64,3,2,73792,256,3,1,147712,225088
209,128,3,1,3584,16,1,2,2064,64,5,0,25664,31312
210,128,3,1,3584,64,5,1,204864,64,5,0,102464,310912
211,128,3,1,3584,128,3,0,147584,64,5,1,204864,356032
212,128,3,1,3584,32,1,0,4128,128,5,0,102528,110240
213,128,3,1,3584,32,5,1,102432,64,5,2,51264,157280
214,128,3,1,3584,32,3,1,36896,16,5,0,12816,53296
215,128,3,1,3584,128,3,1,147584,16,5,0,51216,202384
216,128,3,1,3584,64,3,1,73792,64,3,1,36928,114304
217,128,3,1,3584,64,3,2,73792,32,5,0,51232,128608
218,128,3,1,3584,64,3,0,73792,64,5,0,102464,179840
219,128,3,1,3584,64,5,1,204864,32,3,0,18464,226912
220,128,3,1,3584,128,3,2,147584,64,5,1,204864,356032
221,128,3,1,3584,64,3,0,73792,64,5,0,102464,179840
222,128,3,1,3584,64,3,2,73792,64,5,1,102464,179840
223,128,3,1,3584,64,3,0,73792,32,3,0,18464,95840
224,128,3,1,3584,128,1,2,16512,32,5,0,102432,122528
225,128,3,1,3584,64,3,1,73792,32,5,2,51232,128608
226,128,3,1,3584,32,5,1,102432,32,3,1,9248,115264
227,128,3,1,3584,16,3,0,18448,32,5,1,12832,34864
228,128,3,1,3584,64,3,0,73792,32,5,1,51232,128608
229,128,3,1,3584,128,3,2,147584,32,3,0,36896,188064
230,128,3,1,3584,64,1,0,8256,128,3,1,73856,85696
231,128,3,1,3584,64,3,1,73792,256,3,2,147712,225088
232,128,3,1,3584,32,3,0,36896,64,3,0,18496,58976
233,128,3,1,3584,128,5,0,409728,64,5,1,204864,618176
234,128,3,1,3584,64,3,2,73792,64,5,0,102464,179840
235,128,3,1,3584,32,5,1,102432,64,5,0,51264,157280
236,128,3,1,3584,64,3,0,73792,64,5,1,102464,179840
237,128,3,1,3584,64,3,1,73792,128,3,2,73856,151232
238,128,3,1,3584,64,3,0,73792,32,3,1,18464,95840
239,128,3,1,3584,128,5,2,409728,64,5,1,204864,618176
240,128,3,1,3584,16,3,2,18448,32,1,2,544,22576
241,128,3,1,3584,32,5,2,102432,32,5,0,25632,131648
242,128,3,1,3584,32,3,1,36896,32,3,0,9248,49728
243,128,3,1,3584,128,3,2,147584,128,5,0,409728,560896
244,128,3,1,3584,64,1,1,8256,64,3,1,36928,48768
245,128,3,1,3584,128,3,2,147584,32,3,1,36896,188064
246,128,3,1,3584,64,1,0,8256,16,5,2,25616,37456
247,128,3,1,3584,64,5,1,204864,64,5,0,102464,310912
248,128,3,1,3584,64,3,1,73792,16,3,0,9232,86608
249,128,3,1,3584,64,5,0,204864,256,3,0,147712,356160
250,128,3,1,3584,64,3,0,73792,64,3,2,36928,114304
251,128,3,1,3584,32,3,0,36896,16,3,1,4624,45104
252,128,3,1,3584,64,3,2,73792,128,3,0,73856,151232
253,128,3,1,3584,64,3,1,73792,64,5,1,102464,179840
254,128,3,1,3584,64,3,2,73792,64,5,0,102464,179840
255,128,3,1,3584,64,3,1,73792,128,3,0,73856,151232
256,128,3,1,3584,64,5,2,204864,128,5,1,204928,413376
257,128,3,1,3584,64,3,2,73792,128,3,0,73856,151232
258,128,3,1,3584,32,3,1,36896,32,5,0,25632,66112
259,128,3,1,3584,32,3,1,36896,256,3,0,73984,114464
260,128,3,1,3584,128,3,1,147584,64,3,1,73792,224960
261,128,3,1,3584,128,3,1,147584,32,5,0,102432,253600
262,128,3,1,3584,64,3,0,73792,64,3,0,36928,114304
263,128,3,1,3584,128,3,2,147584,64,5,0,204864,356032
264,128,3,1,3584,64,3,2,73792,64,3,0,36928,114304
265,128,3,1,3584,128,5,1,409728,64,5,2,204864,618176
266,128,3,1,3584,128,3,2,147584,32,3,0,36896,188064
267,128,3,1,3584,128,3,0,147584,32,3,0,36896,188064
268,128,3,1,3584,32,3,0,36896,64,5,0,51264,91744
269,128,3,1,3584,128,3,2,147584,32,3,0,36896,188064
270,128,3,1,3584,64,3,2,73792,64,3,0,36928,114304
271,128,3,1,3584,128,3,2,147584,64,1,1,8256,159424
272,128,3,1,3584,64,3,1,73792,128,3,0,73856,151232
273,128,3,1,3584,64,5,1,204864,64,3,1,36928,245376
274,128,3,1,3584,64,1,1,8256,64,5,1,102464,114304
275,128,3,1,3584,64,5,0,204864,32,3,1,18464,226912
276,128,3,1,3584,64,3,0,73792,32,3,0,18464,95840
277,128,3,1,3584,64,3,1,73792,64,3,0,36928,114304
278,128,3,1,3584,64,3,0,73792,32,5,0,51232,128608
279,128,3,1,3584,128,1,2,16512,32,1,0,4128,24224
280,128,3,1,3584,64,3,0,73792,64,5,2,102464,179840
281,128,3,1,3584,64,3,0,73792,64,3,0,36928,114304
282,128,3,1,3584,64,5,1,204864,64,3,0,36928,245376
283,128,3,1,3584,32,3,2,36896,64,5,1,51264,91744
284,128,3,1,3584,64,3,1,73792,32,1,1,2080,79456
285,128,3,1,3584,64,3,1,73792,32,5,1,51232,128608
286,128,3,1,3584,32,3,1,36896,32,1,0,1056,41536
287,128,3,1,3584,32,3,1,36896,32,5,0,25632,66112
288,128,3,1,3584,64,3,1,73792,64,5,0,102464,179840
289,128,3,1,3584,128,3,2,147584,32,3,2,36896,188064
290,128,3,1,3584,64,3,2,73792,64,5,1,102464,179840
291,128,3,1,3584,64,3,2,73792,128,3,0,73856,151232
292,128,3,1,3584,64,3,1,73792,32,3,1,18464,95840
293,128,3,1,3584,64,1,2,8256,64,3,0,36928,48768
294,128,3,1,3584,64,3,1,73792,32,3,1,18464,95840
295,128,3,1,3584,64,3,0,73792,64,3,1,36928,114304
296,128,3,1,3584,64,3,0,73792,64,3,0,36928,114304
297,128,3,1,3584,32,3,2,36896,64,3,0,18496,58976
298,128,3,1,3584,64,3,0,73792,64,3,0,36928,114304
299,128,3,1,3584,128,3,2,147584,64,5,1,204864,356032
300,128,3,1,3584,64,5,2,204864,32,3,0,18464,226912
301,128,3,1,3584,64,3,1,73792,32,3,1,18464,95840
302,128,3,1,3584,64,5,1,204864,64,1,0,4160,212608
303,128,3,1,3584,64,3,1,73792,16,3,0,9232,86608
304,128,3,1,3584,64,5,1,204864,64,5,0,102464,310912
305,128,3,1,3584,64,5,2,204864,64,5,1,102464,310912
306,128,3,1,3584,128,3,0,147584,64,3,0,73792,224960
307,128,3,1,3584,64,3,1,73792,32,5,0,51232,128608
308,128,3,1,3584,64,3,1,73792,64,3,1,36928,114304
309,128,3,1,3584,32,3,2,36896,32,3,1,9248,49728
310,128,3,1,3584,64,3,2,73792,32,3,2,18464,95840
311,128,3,1,3584,64,3,2,73792,64,3,0,36928,114304
312,128,3,1,3584,64,3,2,73792,32,3,0,18464,95840
313,128,3,1,3584,64,3,1,73792,64,5,0,102464,179840
314,128,3,1,3584,64,3,1,73792,128,3,0,73856,151232
315,128,3,1,3584,64,3,2,73792,32,3,0,18464,95840
316,128,3,1,3584,64,3,2,73792,256,5,0,409856,487232
317,128,3,1,3584,64,1,1,8256,32,3,0,18464,30304
318,128,3,1,3584,32,3,1,36896,64,5,1,51264,91744
319,128,3,1,3584,256,3,1,295168,64,3,0,147520,446272
320,128,3,1,3584,32,3,1,36896,32,5,1,25632,66112
321,128,3,1,3584,64,3,2,73792,64,3,0,36928,114304
322,128,3,1,3584,64,3,1,73792,32,3,1,18464,95840
323,128,3,1,3584,128,3,0,147584,64,3,0,73792,224960
324,128,3,1,3584,64,5,2,204864,32,1,0,2080,210528
325,128,3,1,3584,64,3,1,73792,64,3,1,36928,114304
326,128,3,1,3584,128,3,1,147584,128,5,2,409728,560896
327,128,3,1,3584,64,3,1,73792,128,3,1,73856,151232
328,128,3,1,3584,64,3,0,73792,32,3,1,18464,95840
329,128,3,1,3584,64,3,1,73792,32,5,1,51232,128608
330,128,3,1,3584,64,3,1,73792,64,5,1,102464,179840
331,128,3,1,3584,64,3,0,73792,64,5,1,102464,179840
332,128,3,1,3584,64,3,0,73792,32,5,0,51232,128608
333,128,3,1,3584,64,1,2,8256,32,5,0,51232,63072
334,128,3,1,3584,128,3,2,147584,64,3,0,73792,224960
335,128,3,1,3584,64,5,0,204864,64,5,1,102464,310912
336,128,3,1,3584,64,3,1,73792,32,5,1,51232,128608
337,128,3,1,3584,128,3,1,147584,64,3,0,73792,224960
338,128,3,1,3584,64,5,0,204864,64,1,1,4160,212608
339,128,3,1,3584,64,5,0,204864,32,3,1,18464,226912
340,128,3,1,3584,64,3,0,73792,64,3,0,36928,114304
341,128,3,1,3584,32,3,2,36896,32,5,2,25632,66112
342,128,3,1,3584,64,3,0,73792,64,3,1,36928,114304
343,128,3,1,3584,256,3,0,295168,64,5,1,409664,708416
344,128,3,1,3584,64,3,1,73792,64,5,1,102464,179840
345,128,3,1,3584,16,3,2,18448,32,3,2,4640,26672
346,128,3,1,3584,32,3,1,36896,64,3,0,18496,58976
347,128,3,1,3584,64,3,1,73792,16,3,0,9232,86608
348,128,3,1,3584,64,3,2,73792,64,1,0,4160,81536
349,128,3,1,3584,64,1,2,8256,64,3,1,36928,48768
350,128,3,1,3584,128,5,2,409728,64,3,0,73792,487104
351,128,3,1,3584,64,3,1,73792,32,3,0,18464,95840
352,128,3,1,3584,64,3,0,73792,32,3,0,18464,95840
353,128,3,1,3584,64,3,0,73792,64,5,1,102464,179840
354,128,3,1,3584,64,3,1,73792,64,3,2,36928,114304
355,128,3,1,3584,64,3,1,73792,32,3,0,18464,95840
356,128,3,1,3584,64,3,1,73792,16,3,0,9232,86608
357,128,3,1,3584,64,3,1,73792,64,3,0,36928,114304
358,128,3,1,3584,32,3,1,36896,64,5,2,51264,91744
359,128,3,1,3584,64,3,0,73792,64,3,1,36928,114304
360,128,3,1,3584,64,3,2,73792,64,3,0,36928,114304
361,128,3,1,3584,64,3,1,73792,32,3,0,18464,95840
362,128,3,1,3584,64,3,1,73792,64,5,1,102464,179840
363,128,3,1,3584,32,3,2,36896,64,5,2,51264,91744
364,128,3,1,3584,64,3,0,73792,64,3,1,36928,114304
365,128,3,1,3584,64,3,0,73792,32,3,1,18464,95840
366,128,3,1,3584,64,3,2,73792,64,3,1,36928,114304
367,128,3,1,3584,256,3,0,295168,64,1,0,16448,315200
368,128,3,1,3584,64,3,1,73792,64,5,0,102464,179840
369,128,3,1,3584,64,3,1,73792,64,3,0,36928,114304
370,128,3,1,3584,64,3,1,73792,16,5,0,25616,102992
371,128,3,1,3584,32,3,1,36896,64,3,0,18496,58976
372,128,3,1,3584,64,5,0,204864,32,3,0,18464,226912
373,128,3,1,3584,256,3,1,295168,128,3,0,295040,593792
374,128,3,1,3584,64,3,2,73792,64,5,1,102464,179840
375,128,3,1,3584,64,5,1,204864,16,3,0,9232,217680
376,128,3,1,3584,64,3,1,73792,64,5,2,102464,179840
377,128,3,1,3584,64,5,1,204864,64,3,0,36928,245376
378,128,3,1,3584,64,3,2,73792,16,3,1,9232,86608
379,128,3,1,3584,64,3,1,73792,16,3,1,9232,86608
380,128,3,1,3584,64,3,2,73792,64,3,0,36928,114304
381,128,3,1,3584,64,3,1,73792,64,3,0,36928,114304
382,128,3,1,3584,64,3,1,73792,64,3,1,36928,114304
383,128,3,1,3584,128,3,0,147584,64,5,1,204864,356032
384,128,3,1,3584,64,1,1,8256,64,5,1,102464,114304
385,128,3,1,3584,64,5,1,204864,64,5,1,102464,310912
386,128,3,1,3584,128,3,2,147584,32,3,1,36896,188064
387,128,3,1,3584,64,3,1,73792,64,1,0,4160,81536
388,128,3,1,3584,64,3,1,73792,64,3,1,36928,114304
389,128,3,1,3584,64,3,2,73792,64,3,0,36928,114304
390,128,3,1,3584,64,3,1,73792,16,5,0,25616,102992
391,128,3,1,3584,64,3,2,73792,64,3,1,36928,114304
392,128,3,1,3584,128,3,0,147584,64,3,1,73792,224960
393,128,3,1,3584,64,3,1,73792,32,3,1,18464,95840
394,128,3,1,3584,64,3,1,73792,32,1,1,2080,79456
395,128,3,1,3584,64,1,0,8256,64,3,1,36928,48768
396,128,3,1,3584,64,3,0,73792,64,5,1,102464,179840
397,128,3,1,3584,64,3,1,73792,64,5,1,102464,179840
398,128,3,1,3584,64,3,1,73792,128,1,0,8320,85696
399,128,3,1,3584,64,3,1,73792,64,5,1,102464,179840
400,128,3,1,3584,128,3,2,147584,64,3,0,73792,224960
401,128,3,1,3584,64,3,0,73792,64,3,0,36928,114304
402,128,3,1,3584,32,5,2,102432,64,5,1,51264,157280
403,128,3,1,3584,64,3,0,73792,64,5,0,102464,179840
404,128,3,1,3584,128,3,1,147584,64,5,0,204864,356032
405,128,3,1,3584,64,3,2,73792,32,3,0,18464,95840
406,128,3,1,3584,64,3,1,73792,32,3,1,18464,95840
407,128,3,1,3584,64,3,1,73792,32,5,1,51232,128608
408,128,3,1,3584,32,3,2,36896,64,3,0,18496,58976
409,128,3,1,3584,32,3,1,36896,64,3,1,18496,58976
410,128,3,1,3584,64,3,2,73792,64,3,0,36928,114304
411,128,3,1,3584,64,3,1,73792,32,3,1,18464,95840
412,128,3,1,3584,64,3,2,73792,64,3,0,36928,114304
413,128,3,1,3584,64,5,1,204864,64,3,0,36928,245376
414,128,3,1,3584,32,3,1,36896,64,3,0,18496,58976
415,128,3,1,3584,64,3,1,73792,32,5,2,51232,128608
416,128,3,1,3584,64,3,0,73792,32,3,0,18464,95840
417,128,3,1,3584,64,3,1,73792,64,3,0,36928,114304
418,128,3,1,3584,64,3,0,73792,32,3,1,18464,95840
419,128,3,1,3584,64,3,1,73792,64,5,0,102464,179840
420,128,3,1,3584,64,3,0,73792,64,3,1,36928,114304
421,128,3,1,3584,64,3,1,73792,32,3,1,18464,95840
422,128,3,1,3584,64,3,2,73792,64,3,0,36928,114304
423,128,3,1,3584,32,3,2,36896,32,3,0,9248,49728
424,128,3,1,3584,64,3,1,73792,32,3,0,18464,95840
425,128,3,1,3584,64,3,1,73792,32,5,2,51232,128608
426,128,3,1,3584,64,3,2,73792,32,3,1,18464,95840
427,128,3,1,3584,64,3,0,73792,64,5,1,102464,179840
428,128,3,1,3584,128,3,0,147584,32,3,0,36896,188064
429,128,3,1,3584,64,3,2,73792,64,3,0,36928,114304
430,128,3,1,3584,64,3,2,73792,64,3,1,36928,114304
431,128,3,1,3584,16,3,2,18448,32,3,1,4640,26672
432,128,3,1,3584,64,3,1,73792,64,1,0,4160,81536
433,128,3,1,3584,64,3,1,73792,64,5,1,102464,179840
434,128,3,1,3584,128,3,0,147584,256,3,1,295168,446336
435,128,3,1,3584,128,3,2,147584,64,5,0,204864,356032
436,128,3,1,3584,64,3,1,73792,64,5,1,102464,179840
437,128,3,1,3584,64,3,1,73792,32,5,0,51232,128608
438,128,3,1,3584,64,3,1,73792,64,3,1,36928,114304
439,128,3,1,3584,64,3,1,73792,64,1,0,4160,81536
440,128,3,1,3584,64,5,1,204864,64,5,0,102464,310912
441,128,3,1,3584,128,3,1,147584,32,1,0,4128,155296
442,128,3,1,3584,64,5,2,204864,64,5,1,102464,310912
443,128,3,1,3584,64,3,2,73792,64,3,1,36928,114304
444,128,3,1,3584,64,3,1,73792,64,3,1,36928,114304
445,128,3,1,3584,64,5,0,204864,256,5,0,409856,618304
446,128,3,1,3584,32,3,2,36896,64,3,1,18496,58976
447,128,3,1,3584,64,3,1,73792,64,1,1,4160,81536
448,128,3,1,3584,64,3,1,73792,64,3,2,36928,114304
449,128,3,1,3584,64,3,1,73792,64,3,1,36928,114304
450,128,3,1,3584,64,3,1,73792,32,3,1,18464,95840
451,128,3,1,3584,64,3,1,73792,64,3,0,36928,114304
452,128,3,1,3584,64,3,2,73792,64,3,1,36928,114304
453,128,3,1,3584,64,3,1,73792,64,3,0,36928,114304
454,128,3,1,3584,64,3,0,73792,32,3,1,18464,95840
455,128,3,1,3584,64,3,1,73792,64,5,1,102464,179840
456,128,3,1,3584,64,3,0,73792,64,3,0,36928,114304
457,128,3,1,3584,64,3,1,73792,64,5,1,102464,179840
458,128,3,1,3584,64,3,1,73792,64,3,0,36928,114304
459,128,3,1,3584,32,3,2,36896,64,5,0,51264,91744
460,128,3,1,3584,64,1,0,8256,64,3,1,36928,48768
461,128,3,1,3584,256,1,1,33024,256,3,1,590080,626688
462,128,3,1,3584,64,3,0,73792,64,5,0,102464,179840
463,128,3,1,3584,64,3,1,73792,64,3,1,36928,114304
464,128,3,1,3584,64,3,0,73792,64,3,1,36928,114304
465,128,3,1,3584,64,3,1,73792,32,3,1,18464,95840
466,128,3,1,3584,64,3,2,73792,64,3,1,36928,114304
467,128,3,1,3584,64,3,2,73792,64,3,1,36928,114304
468,128,3,1,3584,64,3,1,73792,32,1,1,2080,79456
469,128,3,1,3584,64,3,1,73792,64,5,1,102464,179840
470,128,3,1,3584,128,1,1,16512,32,3,1,36896,56992
471,128,3,1,3584,64,3,0,73792,64,3,1,36928,114304
472,128,3,1,3584,64,3,1,73792,64,3,1,36928,114304
473,128,3,1,3584,64,3,1,73792,64,5,1,102464,179840
474,128,3,1,3584,64,5,0,204864,64,3,1,36928,245376
475,128,3,1,3584,64,3,0,73792,64,3,1,36928,114304
476,128,3,1,3584,64,3,1,73792,64,3,1,36928,114304
477,128,3,1,3584,64,3,2,73792,32,3,2,18464,95840
478,128,3,1,3584,64,3,1,73792,64,3,0,36928,114304
479,128,3,1,3584,256,3,2,295168,32,5,1,204832,503584
480,128,3,1,3584,64,3,1,73792,64,3,1,36928,114304
481,128,3,1,3584,128,3,2,147584,64,3,0,73792,224960
482,128,3,1,3584,64,3,1,73792,32,3,1,18464,95840
483,128,3,1,3584,64,3,1,73792,64,3,1,36928,114304
484,128,3,1,3584,64,3,2,73792,32,3,0,18464,95840
485,128,3,1,3584,64,3,1,73792,64,5,0,102464,179840
486,128,3,1,3584,64,3,1,73792,64,3,0,36928,114304
487,128,3,1,3584,64,3,1,73792,64,5,1,102464,179840
488,128,3,1,3584,32,3,1,36896,64,3,1,18496,58976
489,128,3,1,3584,64,3,2,73792,64,5,1,102464,179840
490,128,3,1,3584,128,3,1,147584,64,5,0,204864,356032
491,128,3,1,3584,32,3,0,36896,64,1,0,2112,42592
492,128,3,1,3584,64,1,1,8256,32,5,1,51232,63072
493,128,3,1,3584,64,3,1,73792,64,3,1,36928,114304
494,128,3,1,3584,128,3,0,147584,64,3,2,73792,224960
495,128,3,1,3584,64,3,1,73792,64,3,0,36928,114304
496,128,3,1,3584,32,3,1,36896,64,3,0,18496,58976
497,128,3,1,3584,64,3,2,73792,64,3,1,36928,114304
498,128,3,1,3584,64,3,1,73792,64,5,0,102464,179840
499,128,3,1,3584,64,3,1,73792,32,3,1,18464,95840
