iteration,layer_1_channels,layer_1_filter,layer_1_padding,layer_1_param_count,layer_2_channels,layer_2_filter,layer_2_padding,layer_2_param_count,layer_3_channels,layer_3_filter,layer_3_padding,layer_3_param_count,total_param_count
0,64,5,0,4864,32,5,1,51232,16,3,1,4624,60720
0,16,1,2,64,32,5,2,12832,64,5,0,51264,64160
1,32,3,2,896,16,1,2,528,64,5,2,25664,27088
2,256,3,0,7168,128,3,0,295040,32,3,0,36896,339104
3,16,3,2,448,32,3,1,4640,256,3,0,73984,79072
4,256,3,2,7168,256,5,2,1638656,256,3,0,590080,2235904
5,256,3,1,7168,16,5,2,102416,128,3,0,18560,128144
6,32,3,2,896,32,1,0,1056,16,1,0,528,2480
7,256,5,2,19456,128,3,1,295040,64,3,2,73792,388288
8,128,1,2,512,32,3,0,36896,16,1,2,528,37936
9,16,3,2,448,32,1,1,544,64,1,2,2112,3104
10,16,1,1,64,32,5,2,12832,32,3,1,9248,22144
11,32,1,2,128,32,1,2,1056,64,5,2,51264,52448
12,256,3,2,7168,128,1,0,32896,32,3,2,36896,76960
13,16,3,2,448,64,3,2,9280,16,5,0,25616,35344
14,256,1,2,1024,16,1,1,4112,64,1,0,1088,6224
15,256,3,2,7168,16,3,2,36880,16,1,1,272,44320
16,256,1,2,1024,16,1,2,4112,64,5,0,25664,30800
17,32,1,2,128,16,3,1,4624,16,1,2,272,5024
18,16,5,2,1216,32,3,1,4640,128,3,2,36992,42848
19,16,3,2,448,128,5,0,51328,32,5,1,102432,154208
20,64,5,1,4864,16,3,1,9232,256,3,0,37120,51216
21,256,3,2,7168,64,1,1,16448,32,3,2,18464,42080
22,32,3,2,896,128,5,1,102528,32,3,0,36896,140320
23,16,1,1,64,16,3,2,2320,64,3,1,9280,11664
24,128,1,2,512,64,1,2,8256,32,5,1,51232,60000
25,256,1,0,1024,16,1,2,4112,64,5,2,25664,30800
26,32,1,2,128,32,3,1,9248,64,3,1,18496,27872
27,256,3,1,7168,128,3,0,295040,128,3,0,147584,449792
28,256,1,1,1024,256,5,2,1638656,32,5,1,204832,1844512
29,128,3,0,3584,32,3,0,36896,32,3,1,9248,49728
30,32,3,1,896,64,5,0,51264,32,3,0,18464,70624
31,32,3,2,896,32,5,0,25632,32,3,2,9248,35776
32,32,3,0,896,128,3,2,36992,128,5,1,409728,447616
33,32,3,2,896,64,1,2,2112,256,3,0,147712,150720
34,16,3,1,448,32,3,1,4640,128,3,1,36992,42080
35,64,3,2,1792,32,5,2,51232,32,3,1,9248,62272
36,32,3,2,896,128,3,2,36992,32,3,1,36896,74784
37,32,5,1,2432,256,1,0,8448,128,1,1,32896,43776
38,32,3,2,896,64,3,2,18496,128,5,1,204928,224320
39,256,3,2,7168,64,3,2,147520,128,3,2,73856,228544
40,128,5,0,9728,32,3,0,36896,32,5,2,25632,72256
41,32,1,2,128,32,3,0,9248,32,3,2,9248,18624
42,32,5,2,2432,256,3,1,73984,32,3,2,73760,150176
43,16,1,0,64,128,3,2,18560,16,3,1,18448,37072
44,64,3,1,1792,32,3,0,18464,128,3,2,36992,57248
45,256,3,0,7168,32,3,1,73760,128,1,0,4224,85152
46,64,5,0,4864,64,5,1,102464,32,1,2,2080,109408
47,256,3,2,7168,128,5,0,819328,128,1,2,16512,843008
48,256,3,1,7168,32,5,2,204832,64,3,1,18496,230496
49,64,3,2,1792,32,3,1,18464,128,5,1,102528,122784
50,256,1,2,1024,16,1,2,4112,64,3,0,9280,14416
51,16,3,2,448,16,1,0,272,32,3,2,4640,5360
52,256,3,1,7168,64,5,1,409664,32,5,2,51232,468064
53,16,3,2,448,16,5,1,6416,32,5,1,12832,19696
54,256,1,1,1024,16,1,2,4112,16,3,1,2320,7456
55,16,1,2,64,32,3,2,4640,32,3,1,9248,13952
56,16,3,2,448,128,1,2,2176,32,3,1,36896,39520
57,256,1,2,1024,64,5,0,409664,64,3,2,36928,447616
58,64,1,1,256,32,5,1,51232,32,1,2,1056,52544
59,32,3,2,896,32,1,2,1056,256,3,1,73984,75936
60,64,5,1,4864,32,3,0,18464,256,3,2,73984,97312
61,32,1,2,128,32,5,2,25632,16,3,0,4624,30384
62,16,3,1,448,64,5,1,25664,256,3,2,147712,173824
63,256,5,0,19456,16,3,0,36880,256,3,0,37120,93456
64,256,1,0,1024,64,1,2,16448,16,3,0,9232,26704
65,32,5,2,2432,32,3,1,9248,32,1,2,1056,12736
66,256,3,2,7168,32,3,0,73760,16,3,2,4624,85552
67,16,3,2,448,64,5,1,25664,16,1,0,1040,27152
68,64,3,2,1792,16,5,0,25616,32,3,1,4640,32048
69,64,1,2,256,256,5,2,409856,16,5,2,102416,512528
70,32,3,2,896,256,1,2,8448,64,3,1,147520,156864
71,16,3,2,448,16,1,2,272,64,3,2,9280,10000
72,128,5,1,9728,32,3,1,36896,64,3,0,18496,65120
73,64,5,2,4864,32,5,0,51232,32,5,2,25632,81728
74,32,5,2,2432,128,3,2,36992,256,5,1,819456,858880
75,256,3,2,7168,64,3,2,147520,64,3,1,36928,191616
76,256,3,2,7168,32,3,1,73760,32,3,2,9248,90176
77,128,3,2,3584,32,1,2,4128,64,3,1,18496,26208
78,16,3,2,448,128,3,1,18560,256,3,1,295168,314176
79,32,3,0,896,64,3,2,18496,32,3,1,18464,37856
80,256,1,2,1024,256,1,1,65792,256,5,1,1638656,1705472
81,16,3,2,448,32,3,2,4640,32,3,2,9248,14336
82,32,3,2,896,32,3,0,9248,16,1,2,528,10672
83,64,3,1,1792,64,3,0,36928,32,3,1,18464,57184
84,16,3,0,448,32,3,0,4640,16,3,2,4624,9712
85,64,1,1,256,32,1,2,2080,16,3,0,4624,6960
86,256,1,2,1024,128,3,0,295040,32,3,2,36896,332960
87,256,3,1,7168,64,3,2,147520,32,1,2,2080,156768
88,16,3,2,448,128,3,0,18560,128,1,0,16512,35520
89,256,3,0,7168,256,3,2,590080,32,3,1,73760,671008
90,32,5,0,2432,32,1,2,1056,16,3,1,4624,8112
91,32,3,2,896,256,3,1,73984,64,1,1,16448,91328
92,128,3,2,3584,16,5,0,51216,32,3,2,4640,59440
93,16,3,2,448,64,3,0,9280,16,5,2,25616,35344
94,32,5,2,2432,16,1,0,528,64,5,0,25664,28624
95,32,3,2,896,16,1,2,528,32,3,2,4640,6064
96,32,3,0,896,64,1,2,2112,32,3,2,18464,21472
97,64,1,1,256,256,5,0,409856,64,3,0,147520,557632
98,32,3,2,896,256,3,2,73984,64,5,0,409664,484544
99,16,3,2,448,256,1,2,4352,256,1,1,65792,70592
100,32,3,2,896,128,3,0,36992,128,5,1,409728,447616
101,256,3,1,7168,128,3,1,295040,16,3,1,18448,320656
102,32,3,1,896,256,1,0,8448,32,3,0,73760,83104
103,128,3,1,3584,64,3,0,73792,32,3,2,18464,95840
104,128,3,1,3584,256,3,0,295168,128,5,2,819328,1118080
105,32,3,2,896,256,3,2,73984,16,5,2,102416,177296
106,32,5,2,2432,32,3,2,9248,256,3,1,73984,85664
107,256,3,0,7168,16,3,2,36880,64,3,1,9280,53328
108,32,3,2,896,32,3,2,9248,32,5,2,25632,35776
109,16,3,2,448,32,3,1,4640,128,3,2,36992,42080
110,64,3,1,1792,32,5,1,51232,32,1,2,1056,54080
111,64,3,2,1792,16,3,1,9232,32,1,2,544,11568
112,32,1,2,128,128,5,1,102528,16,5,2,51216,153872
113,32,3,0,896,16,1,1,528,256,1,1,4352,5776
114,64,5,2,4864,16,5,2,25616,128,3,0,18560,49040
115,32,3,2,896,128,5,1,102528,32,3,1,36896,140320
116,256,5,2,19456,128,5,0,819328,128,3,1,147584,986368
117,256,5,1,19456,16,3,2,36880,16,3,1,2320,58656
118,256,3,2,7168,128,3,1,295040,64,3,1,73792,376000
119,128,3,2,3584,128,3,2,147584,32,3,2,36896,188064
120,64,3,2,1792,64,3,0,36928,16,5,1,25616,64336
121,16,3,1,448,64,5,2,25664,256,3,2,147712,173824
122,16,3,0,448,32,3,2,4640,32,3,2,9248,14336
123,32,3,1,896,32,1,2,1056,64,1,0,2112,4064
124,16,3,2,448,32,5,0,12832,32,5,2,25632,38912
125,128,1,2,512,32,3,2,36896,256,3,1,73984,111392
126,256,5,2,19456,16,5,1,102416,16,3,2,2320,124192
127,256,3,2,7168,128,3,2,295040,32,1,1,4128,306336
128,64,3,1,1792,128,3,2,73856,64,3,1,73792,149440
129,64,3,1,1792,16,5,2,25616,32,1,0,544,27952
130,128,3,2,3584,16,3,0,18448,64,5,2,25664,47696
131,256,3,1,7168,128,1,1,32896,64,1,1,8256,48320
132,32,5,1,2432,16,3,2,4624,32,3,1,4640,11696
133,64,5,2,4864,64,3,2,36928,256,3,2,147712,189504
134,32,3,2,896,128,3,2,36992,256,1,2,33024,70912
135,256,3,2,7168,256,3,1,590080,16,3,0,36880,634128
136,32,5,1,2432,64,3,2,18496,128,5,1,204928,225856
137,32,3,1,896,64,1,2,2112,16,3,1,9232,12240
138,256,3,0,7168,64,3,0,147520,128,1,1,8320,163008
139,32,3,1,896,256,3,1,73984,64,3,0,147520,222400
140,64,5,0,4864,32,3,1,18464,64,3,0,18496,41824
141,256,3,2,7168,64,3,1,147520,256,3,0,147712,302400
142,16,3,1,448,256,3,1,37120,16,1,1,4112,41680
143,256,3,2,7168,256,3,1,590080,256,3,2,590080,1187328
144,64,3,2,1792,16,3,0,9232,128,3,1,18560,29584
145,16,3,2,448,16,3,1,2320,128,3,0,18560,21328
146,256,3,2,7168,64,3,2,147520,32,1,0,2080,156768
147,256,3,0,7168,128,3,2,295040,64,3,1,73792,376000
148,128,3,2,3584,256,3,1,295168,32,3,2,73760,372512
149,256,3,1,7168,256,5,2,1638656,128,5,2,819328,2465152
150,32,3,1,896,32,1,1,1056,128,1,2,4224,6176
151,128,3,2,3584,128,3,1,147584,32,3,1,36896,188064
152,32,5,2,2432,128,1,2,4224,32,3,1,36896,43552
153,128,3,2,3584,32,3,1,36896,128,3,0,36992,77472
154,256,3,2,7168,64,3,2,147520,256,1,2,16640,171328
155,32,3,0,896,64,5,2,51264,128,3,1,73856,126016
156,16,3,1,448,256,3,2,37120,128,3,2,295040,332608
157,128,3,0,3584,256,3,1,295168,128,3,2,295040,593792
158,256,3,1,7168,32,3,2,73760,128,1,1,4224,85152
159,256,3,2,7168,64,3,2,147520,64,1,1,4160,158848
160,32,3,2,896,64,3,2,18496,256,1,0,16640,36032
161,128,3,0,3584,128,5,2,409728,64,1,0,8256,421568
162,16,3,2,448,128,3,1,18560,64,3,0,73792,92800
163,256,3,0,7168,32,3,2,73760,32,5,1,25632,106560
164,16,3,2,448,32,5,1,12832,32,5,2,25632,38912
165,32,3,1,896,32,3,2,9248,64,5,2,51264,61408
166,128,3,0,3584,32,3,2,36896,32,1,1,1056,41536
167,32,3,2,896,16,3,2,4624,128,1,1,2176,7696
168,256,5,1,19456,256,5,2,1638656,64,5,1,409664,2067776
169,256,3,0,7168,64,1,2,16448,64,5,0,102464,126080
170,128,3,2,3584,256,3,0,295168,32,3,1,73760,372512
171,256,5,2,19456,64,3,0,147520,16,3,2,9232,176208
172,256,3,2,7168,256,3,1,590080,64,3,2,147520,744768
173,256,3,2,7168,32,3,1,73760,256,1,2,8448,89376
174,128,1,2,512,16,3,2,18448,64,3,1,9280,28240
175,256,3,2,7168,16,3,2,36880,256,3,2,37120,81168
176,256,3,2,7168,256,1,1,65792,256,5,1,1638656,1711616
177,32,3,2,896,64,1,1,2112,128,5,1,204928,207936
178,64,5,2,4864,256,3,0,147712,128,3,1,295040,447616
179,256,3,2,7168,16,5,2,102416,16,3,1,2320,111904
180,256,3,1,7168,64,3,1,147520,128,3,1,73856,228544
181,32,3,1,896,32,3,1,9248,64,3,2,18496,28640
182,64,3,2,1792,128,3,0,73856,64,5,2,204864,280512
183,64,3,0,1792,16,1,1,1040,16,3,1,2320,5152
184,32,3,1,896,64,3,1,18496,16,5,2,25616,45008
185,16,1,2,64,256,3,1,37120,16,1,2,4112,41296
186,32,3,0,896,256,1,2,8448,256,3,1,590080,599424
187,16,3,0,448,32,3,1,4640,128,3,2,36992,42080
188,256,3,2,7168,32,3,2,73760,128,3,0,36992,117920
189,32,3,2,896,256,3,1,73984,64,1,1,16448,91328
190,64,5,2,4864,16,5,0,25616,32,5,1,12832,43312
191,16,3,1,448,256,3,0,37120,64,5,2,409664,447232
192,32,3,2,896,128,3,2,36992,64,3,0,73792,111680
193,128,3,1,3584,32,3,1,36896,256,3,1,73984,114464
194,256,5,2,19456,64,3,2,147520,256,5,2,409856,576832
195,256,3,2,7168,32,3,2,73760,16,3,0,4624,85552
196,256,3,2,7168,256,3,0,590080,64,3,0,147520,744768
197,256,3,0,7168,256,1,2,65792,32,3,0,73760,146720
198,256,3,2,7168,256,3,1,590080,64,3,0,147520,744768
199,64,3,1,1792,128,5,1,204928,256,3,2,295168,501888
200,32,3,2,896,128,3,1,36992,64,3,1,73792,111680
201,128,3,2,3584,256,3,2,295168,64,3,2,147520,446272
202,64,3,2,1792,128,3,0,73856,32,3,1,36896,112544
203,256,5,1,19456,16,3,0,36880,256,3,0,37120,93456
204,256,1,0,1024,32,3,2,73760,32,3,0,9248,84032
205,16,3,1,448,256,3,1,37120,256,3,2,590080,627648
206,128,5,2,9728,32,3,2,36896,32,5,0,25632,72256
207,128,3,2,3584,32,5,2,102432,128,3,1,36992,143008
208,256,5,1,19456,64,3,1,147520,16,5,1,25616,192592
209,64,3,2,1792,128,3,1,73856,256,1,2,33024,108672
210,64,1,2,256,256,3,1,147712,16,3,2,36880,184848
211,256,3,1,7168,128,3,2,295040,32,3,2,36896,339104
212,128,3,2,3584,64,3,1,73792,32,3,1,18464,95840
213,256,3,1,7168,32,3,2,73760,256,3,2,73984,154912
214,128,3,0,3584,256,1,2,33024,256,1,2,65792,102400
215,128,5,2,9728,256,3,2,295168,128,3,2,295040,599936
216,256,3,2,7168,256,3,2,590080,128,3,2,295040,892288
217,16,3,1,448,64,5,2,25664,32,3,2,18464,44576
218,256,1,2,1024,32,3,1,73760,32,3,2,9248,84032
219,32,3,2,896,32,3,0,9248,256,3,1,73984,84128
220,64,5,2,4864,64,3,2,36928,16,1,2,1040,42832
221,256,3,1,7168,256,3,2,590080,128,3,1,295040,892288
222,256,3,2,7168,32,5,1,204832,256,5,1,205056,417056
223,16,3,0,448,128,3,2,18560,256,3,2,295168,314176
224,32,3,1,896,256,5,1,205056,128,3,0,295040,500992
225,32,3,1,896,16,3,1,4624,256,3,2,37120,42640
226,64,5,2,4864,32,3,1,18464,256,1,1,8448,31776
227,128,3,2,3584,256,3,2,295168,32,3,1,73760,372512
228,256,3,1,7168,256,5,0,1638656,128,3,1,295040,1940864
229,256,3,2,7168,32,3,0,73760,256,3,0,73984,154912
230,64,3,2,1792,256,3,1,147712,64,3,1,147520,297024
231,256,3,2,7168,32,1,0,8224,32,3,0,9248,24640
232,32,3,2,896,32,3,2,9248,16,5,1,12816,22960
233,32,3,1,896,256,3,1,73984,128,3,1,295040,369920
234,256,3,2,7168,256,3,1,590080,32,5,2,204832,802080
235,64,3,2,1792,128,3,1,73856,32,3,2,36896,112544
236,16,3,1,448,128,1,1,2176,256,3,1,295168,297792
237,32,3,0,896,16,1,1,528,128,5,1,51328,52752
238,256,3,1,7168,16,5,0,102416,64,3,1,9280,118864
239,256,3,2,7168,32,5,2,204832,256,3,0,73984,285984
240,16,3,2,448,64,5,1,25664,128,3,1,73856,99968
241,64,3,2,1792,128,3,2,73856,32,3,1,36896,112544
242,64,5,2,4864,256,3,1,147712,128,3,1,295040,447616
243,64,3,0,1792,64,3,2,36928,64,1,1,4160,42880
244,256,3,2,7168,256,3,1,590080,128,3,0,295040,892288
245,256,3,2,7168,256,3,1,590080,64,3,2,147520,744768
246,64,5,1,4864,32,3,0,18464,64,3,2,18496,41824
247,64,5,2,4864,32,3,0,18464,32,5,1,25632,48960
248,256,1,2,1024,256,5,1,1638656,128,5,2,819328,2459008
249,32,3,2,896,256,3,1,73984,128,3,1,295040,369920
250,256,3,2,7168,128,3,0,295040,32,3,2,36896,339104
251,128,3,2,3584,128,3,2,147584,256,5,1,819456,970624
252,16,5,1,1216,16,3,0,2320,256,1,1,4352,7888
253,256,5,0,19456,128,5,0,819328,32,3,0,36896,875680
254,256,3,0,7168,256,3,1,590080,256,3,0,590080,1187328
255,256,3,2,7168,64,3,1,147520,32,1,1,2080,156768
256,64,3,1,1792,32,3,1,18464,256,3,1,73984,94240
257,256,3,2,7168,32,3,0,73760,128,3,1,36992,117920
258,32,3,2,896,128,3,2,36992,128,3,0,147584,185472
259,256,3,1,7168,64,5,1,409664,32,1,1,2080,418912
260,256,3,1,7168,128,3,1,295040,128,3,1,147584,449792
261,32,3,2,896,16,3,1,4624,32,5,2,12832,18352
262,256,3,2,7168,128,1,0,32896,32,3,2,36896,76960
263,256,3,1,7168,128,3,2,295040,256,5,2,819456,1121664
264,256,3,1,7168,128,5,0,819328,64,3,2,73792,900288
265,256,3,1,7168,128,5,1,819328,128,3,1,147584,974080
266,64,3,2,1792,256,3,1,147712,128,3,2,295040,444544
267,32,3,1,896,128,3,1,36992,128,3,2,147584,185472
268,16,3,1,448,64,3,0,9280,32,3,2,18464,28192
269,256,3,1,7168,32,3,0,73760,128,3,2,36992,117920
270,32,3,2,896,128,3,2,36992,128,3,1,147584,185472
271,256,3,1,7168,256,3,2,590080,32,3,2,73760,671008
272,256,3,2,7168,32,3,1,73760,32,3,1,9248,90176
273,32,3,2,896,256,3,2,73984,64,3,2,147520,222400
274,256,3,1,7168,128,1,1,32896,256,1,0,33024,73088
275,128,3,2,3584,256,3,2,295168,256,3,2,590080,888832
276,256,3,0,7168,16,1,2,4112,128,3,2,18560,29840
277,128,3,2,3584,256,3,2,295168,256,3,0,590080,888832
278,32,3,2,896,32,3,2,9248,256,3,1,73984,84128
279,64,3,2,1792,128,5,2,204928,256,3,0,295168,501888
280,64,3,2,1792,32,3,2,18464,64,3,0,18496,38752
281,256,3,1,7168,256,3,2,590080,32,3,1,73760,671008
282,32,3,2,896,128,3,2,36992,32,3,2,36896,74784
283,16,1,2,64,256,3,2,37120,256,3,2,590080,627264
284,256,3,1,7168,256,1,1,65792,128,3,1,295040,368000
285,32,3,2,896,64,3,0,18496,128,3,2,73856,93248
286,256,3,2,7168,128,3,1,295040,256,3,2,295168,597376
287,256,3,1,7168,256,3,2,590080,32,3,2,73760,671008
288,256,3,1,7168,128,3,2,295040,128,5,1,409728,711936
289,16,5,2,1216,256,5,2,102656,256,5,1,1638656,1742528
290,32,3,2,896,128,5,2,102528,256,3,1,295168,398592
291,16,3,2,448,256,3,1,37120,32,3,1,73760,111328
292,256,5,1,19456,128,3,0,295040,256,3,0,295168,609664
293,256,3,0,7168,32,3,1,73760,128,3,1,36992,117920
294,64,3,2,1792,16,3,1,9232,256,1,2,4352,15376
295,32,3,0,896,16,3,0,4624,256,3,0,37120,42640
296,256,5,2,19456,256,3,1,590080,32,3,1,73760,683296
297,64,3,2,1792,32,3,1,18464,128,3,0,36992,57248
298,256,3,1,7168,32,3,1,73760,256,3,2,73984,154912
299,64,3,2,1792,256,3,1,147712,32,3,2,73760,223264
300,32,3,2,896,32,5,0,25632,128,1,1,4224,30752
301,32,5,0,2432,256,3,0,73984,16,1,1,4112,80528
302,32,3,0,896,64,1,1,2112,64,3,2,36928,39936
303,256,3,2,7168,64,3,0,147520,64,3,2,36928,191616
304,32,3,0,896,128,5,2,102528,128,3,1,147584,251008
305,128,5,2,9728,128,3,1,147584,32,3,2,36896,194208
306,256,3,0,7168,64,3,2,147520,256,3,1,147712,302400
307,32,3,2,896,32,3,1,9248,64,3,1,18496,28640
308,32,3,2,896,256,3,2,73984,32,3,1,73760,148640
309,256,3,2,7168,256,3,0,590080,128,5,2,819328,1416576
310,256,5,0,19456,256,3,1,590080,32,3,2,73760,683296
311,256,3,2,7168,64,3,2,147520,32,3,0,18464,173152
312,256,3,2,7168,32,3,0,73760,32,3,2,9248,90176
313,64,3,1,1792,32,5,1,51232,256,3,1,73984,127008
314,32,5,1,2432,64,3,2,18496,256,3,1,147712,168640
315,256,3,2,7168,32,3,1,73760,256,3,2,73984,154912
316,256,3,1,7168,256,5,2,1638656,64,3,0,147520,1793344
317,256,3,0,7168,64,5,1,409664,128,3,1,73856,490688
318,128,5,2,9728,128,3,1,147584,128,3,2,147584,304896
319,64,3,2,1792,256,3,1,147712,32,3,2,73760,223264
320,256,3,2,7168,128,3,1,295040,128,3,2,147584,449792
321,256,3,2,7168,256,3,1,590080,256,3,2,590080,1187328
322,32,3,0,896,128,3,1,36992,128,3,2,147584,185472
323,16,3,1,448,32,3,0,4640,32,3,2,9248,14336
324,256,3,2,7168,32,3,2,73760,256,3,0,73984,154912
325,256,3,2,7168,256,3,2,590080,128,3,2,295040,892288
326,32,3,2,896,32,3,2,9248,16,3,0,4624,14768
327,32,3,1,896,128,5,1,102528,64,5,0,204864,308288
328,32,1,0,128,256,3,1,73984,32,3,1,73760,147872
329,64,3,2,1792,256,3,1,147712,64,3,2,147520,297024
330,32,3,1,896,256,3,2,73984,256,5,1,1638656,1713536
331,256,3,1,7168,32,3,1,73760,256,1,1,8448,89376
332,256,3,2,7168,256,5,0,1638656,128,3,1,295040,1940864
333,256,3,2,7168,32,3,2,73760,256,3,1,73984,154912
334,64,3,1,1792,32,3,1,18464,32,3,2,9248,29504
335,128,3,2,3584,256,3,2,295168,128,1,1,32896,331648
336,256,3,2,7168,128,5,2,819328,256,3,0,295168,1121664
337,256,3,0,7168,64,3,2,147520,64,3,0,36928,191616
338,256,3,2,7168,256,3,2,590080,32,3,1,73760,671008
339,32,3,1,896,128,5,2,102528,64,3,2,73792,177216
340,64,3,1,1792,256,3,2,147712,256,5,1,1638656,1788160
341,256,3,2,7168,32,3,1,73760,64,3,2,18496,99424
342,256,3,2,7168,128,3,1,295040,64,3,2,73792,376000
343,256,3,2,7168,32,5,1,204832,256,3,2,73984,285984
344,256,3,1,7168,256,3,0,590080,128,3,2,295040,892288
345,256,3,1,7168,16,3,2,36880,256,3,1,37120,81168
346,256,3,2,7168,256,3,1,590080,256,3,2,590080,1187328
347,32,3,1,896,256,3,1,73984,256,3,1,590080,664960
348,256,3,2,7168,32,3,1,73760,256,1,2,8448,89376
349,128,3,1,3584,128,3,2,147584,256,3,2,295168,446336
350,64,3,2,1792,128,3,2,73856,128,3,0,147584,223232
351,64,3,1,1792,256,3,2,147712,256,3,2,590080,739584
352,32,5,1,2432,256,1,0,8448,64,1,2,16448,27328
353,256,5,2,19456,128,3,2,295040,128,3,1,147584,462080
354,16,3,2,448,32,3,2,4640,32,3,2,9248,14336
355,128,3,2,3584,128,3,2,147584,32,3,0,36896,188064
356,256,3,1,7168,256,5,0,1638656,128,3,2,295040,1940864
357,128,3,1,3584,256,5,2,819456,256,3,2,590080,1413120
358,128,3,2,3584,64,3,2,73792,128,1,1,8320,85696
359,128,5,1,9728,128,3,1,147584,16,3,2,18448,175760
360,256,3,2,7168,128,3,2,295040,256,3,1,295168,597376
361,32,3,2,896,256,3,2,73984,256,3,1,590080,664960
362,256,3,2,7168,128,3,1,295040,256,3,1,295168,597376
363,32,3,2,896,64,3,2,18496,256,3,1,147712,167104
364,128,3,2,3584,128,5,1,409728,128,3,1,147584,560896
365,256,5,2,19456,32,3,2,73760,128,3,1,36992,130208
366,32,3,2,896,64,3,1,18496,128,3,2,73856,93248
367,32,3,1,896,64,5,1,51264,256,3,1,147712,199872
368,64,3,1,1792,128,3,2,73856,32,3,0,36896,112544
369,128,3,1,3584,32,5,2,102432,256,3,2,73984,180000
370,64,5,2,4864,256,1,2,16640,64,3,1,147520,169024
371,256,3,2,7168,128,3,1,295040,256,3,2,295168,597376
372,64,3,1,1792,128,3,1,73856,64,3,2,73792,149440
373,32,3,1,896,128,3,2,36992,256,3,1,295168,333056
374,16,5,2,1216,256,3,0,37120,256,3,2,590080,628416
375,128,5,2,9728,256,3,2,295168,64,3,2,147520,452416
376,128,3,2,3584,256,3,1,295168,256,3,2,590080,888832
377,16,5,2,1216,128,3,1,18560,128,3,2,147584,167360
378,128,3,2,3584,256,3,1,295168,128,3,0,295040,593792
379,128,3,2,3584,256,3,1,295168,256,3,1,590080,888832
380,16,3,1,448,128,3,1,18560,256,3,0,295168,314176
381,256,3,2,7168,128,3,1,295040,32,3,1,36896,339104
382,32,3,2,896,64,3,2,18496,128,3,1,73856,93248
383,256,3,2,7168,64,3,2,147520,64,3,2,36928,191616
384,64,3,2,1792,16,3,2,9232,256,3,1,37120,48144
385,256,5,1,19456,32,3,1,73760,256,3,2,73984,167200
386,256,3,2,7168,128,3,1,295040,256,3,2,295168,597376
387,256,3,2,7168,64,3,2,147520,128,3,2,73856,228544
388,256,3,2,7168,64,3,2,147520,256,3,0,147712,302400
389,128,3,2,3584,64,3,2,73792,128,3,0,73856,151232
390,32,1,1,128,128,3,2,36992,64,3,0,73792,110912
391,32,3,1,896,64,3,2,18496,32,3,2,18464,37856
392,256,3,1,7168,64,1,1,16448,64,5,2,102464,126080
393,128,1,1,512,256,5,1,819456,256,3,2,590080,1410048
394,128,5,1,9728,128,3,1,147584,256,3,2,295168,452480
395,64,3,2,1792,256,3,2,147712,128,3,2,295040,444544
396,64,3,1,1792,32,3,2,18464,128,3,1,36992,57248
397,256,3,2,7168,32,3,1,73760,128,3,2,36992,117920
398,256,3,2,7168,256,3,2,590080,128,3,1,295040,892288
399,128,3,2,3584,128,3,2,147584,256,3,2,295168,446336
400,128,3,2,3584,128,3,0,147584,256,3,2,295168,446336
401,32,3,1,896,256,3,1,73984,256,5,1,1638656,1713536
402,32,3,2,896,256,3,2,73984,32,1,2,8224,83104
403,128,3,1,3584,128,3,2,147584,256,3,2,295168,446336
404,32,3,1,896,256,3,1,73984,64,3,1,147520,222400
405,256,3,1,7168,64,3,2,147520,64,3,1,36928,191616
406,128,3,2,3584,128,3,2,147584,256,3,2,295168,446336
407,128,3,2,3584,256,3,0,295168,128,3,2,295040,593792
408,32,3,2,896,256,3,2,73984,256,3,2,590080,664960
409,64,3,2,1792,64,3,1,36928,32,3,2,18464,57184
410,64,3,1,1792,64,3,1,36928,256,3,2,147712,186432
411,32,3,2,896,128,3,2,36992,16,3,2,18448,56336
412,256,3,0,7168,128,3,1,295040,64,3,2,73792,376000
413,128,3,2,3584,128,3,1,147584,256,3,2,295168,446336
414,256,3,1,7168,128,3,2,295040,128,1,1,16512,318720
415,256,3,1,7168,256,3,2,590080,128,3,2,295040,892288
416,256,3,2,7168,256,3,2,590080,32,3,2,73760,671008
417,128,3,2,3584,128,3,1,147584,64,3,1,73792,224960
418,16,3,2,448,256,3,1,37120,64,3,2,147520,185088
419,256,3,2,7168,128,3,2,295040,256,3,1,295168,597376
420,16,3,1,448,128,3,0,18560,64,3,1,73792,92800
421,256,3,2,7168,256,3,1,590080,128,3,1,295040,892288
422,16,3,2,448,32,3,2,4640,256,3,2,73984,79072
423,256,3,0,7168,256,3,1,590080,256,3,1,590080,1187328
424,256,3,2,7168,128,3,1,295040,256,1,2,33024,335232
425,64,3,2,1792,256,3,2,147712,256,3,1,590080,739584
426,32,3,1,896,128,3,1,36992,32,5,1,102432,140320
427,16,3,2,448,64,3,1,9280,256,3,0,147712,157440
428,256,3,1,7168,128,3,1,295040,256,3,1,295168,597376
429,16,3,1,448,256,3,0,37120,32,3,1,73760,111328
430,128,3,2,3584,64,3,2,73792,64,3,1,36928,114304
431,32,3,2,896,128,5,1,102528,16,3,2,18448,121872
432,64,3,2,1792,256,3,2,147712,256,3,2,590080,739584
433,256,3,2,7168,256,3,0,590080,64,3,2,147520,744768
434,16,3,2,448,128,3,2,18560,256,3,2,295168,314176
435,128,3,1,3584,128,3,2,147584,128,3,2,147584,298752
436,256,3,2,7168,256,3,1,590080,256,3,1,590080,1187328
437,256,3,2,7168,256,5,1,1638656,128,3,1,295040,1940864
438,32,1,0,128,128,3,2,36992,256,5,1,819456,856576
439,128,3,2,3584,256,3,2,295168,128,3,2,295040,593792
440,256,3,2,7168,256,3,1,590080,256,3,1,590080,1187328
441,64,3,2,1792,16,3,0,9232,256,3,1,37120,48144
442,128,3,2,3584,256,3,1,295168,256,3,1,590080,888832
443,256,3,2,7168,256,3,1,590080,256,3,1,590080,1187328
444,256,3,2,7168,256,3,2,590080,128,3,2,295040,892288
445,128,3,2,3584,256,3,1,295168,256,3,1,590080,888832
446,128,3,2,3584,128,3,2,147584,256,3,1,295168,446336
447,256,3,2,7168,128,3,1,295040,256,3,2,295168,597376
448,128,3,1,3584,256,3,2,295168,256,3,1,590080,888832
449,128,3,2,3584,128,3,2,147584,256,3,2,295168,446336
450,256,3,1,7168,256,3,2,590080,128,5,2,819328,1416576
451,64,3,2,1792,256,3,1,147712,256,3,0,590080,739584
452,256,3,2,7168,256,3,1,590080,256,5,2,1638656,2235904
453,32,3,1,896,256,3,1,73984,256,3,2,590080,664960
454,128,3,1,3584,256,3,2,295168,256,3,2,590080,888832
455,128,3,2,3584,64,3,1,73792,128,3,0,73856,151232
456,128,3,2,3584,256,3,2,295168,256,3,2,590080,888832
457,256,3,2,7168,128,3,1,295040,128,3,1,147584,449792
458,64,3,2,1792,64,3,1,36928,128,3,2,73856,112576
459,256,3,2,7168,256,3,1,590080,64,3,2,147520,744768
460,256,3,2,7168,256,3,1,590080,256,3,2,590080,1187328
461,128,5,2,9728,128,3,1,147584,256,3,2,295168,452480
462,128,3,2,3584,256,3,2,295168,256,3,1,590080,888832
463,128,3,2,3584,256,3,1,295168,256,3,2,590080,888832
464,128,3,2,3584,16,3,2,18448,256,3,0,37120,59152
465,128,3,0,3584,128,3,2,147584,128,3,1,147584,298752
466,64,3,2,1792,256,3,2,147712,128,5,1,819328,968832
467,256,3,2,7168,128,5,2,819328,256,3,1,295168,1121664
468,256,3,2,7168,256,5,2,1638656,256,3,2,590080,2235904
469,128,3,2,3584,128,3,1,147584,256,3,2,295168,446336
470,256,3,2,7168,128,3,1,295040,256,1,1,33024,335232
471,128,3,2,3584,256,3,2,295168,128,3,1,295040,593792
472,64,3,2,1792,256,3,1,147712,256,3,1,590080,739584
473,256,3,2,7168,256,3,1,590080,128,5,2,819328,1416576
474,256,3,2,7168,256,3,1,590080,128,3,2,295040,892288
475,64,3,2,1792,256,3,0,147712,128,3,1,295040,444544
476,64,3,0,1792,256,3,1,147712,128,3,2,295040,444544
477,256,1,1,1024,64,5,2,409664,256,3,1,147712,558400
478,256,3,2,7168,256,3,2,590080,16,3,2,36880,634128
479,256,3,1,7168,256,3,2,590080,256,3,1,590080,1187328
480,256,3,2,7168,256,3,1,590080,128,3,1,295040,892288
481,16,3,2,448,128,3,2,18560,256,3,1,295168,314176
482,128,3,0,3584,256,3,1,295168,256,5,1,1638656,1937408
483,64,3,2,1792,256,3,1,147712,64,3,1,147520,297024
484,256,3,1,7168,256,3,2,590080,256,1,2,65792,663040
485,64,3,2,1792,256,3,1,147712,128,3,2,295040,444544
486,128,5,1,9728,128,3,2,147584,128,3,1,147584,304896
487,256,3,2,7168,128,3,2,295040,256,3,2,295168,597376
488,32,3,2,896,128,5,0,102528,256,3,2,295168,398592
489,256,3,1,7168,64,3,1,147520,256,3,2,147712,302400
490,256,1,1,1024,128,3,1,295040,256,3,2,295168,591232
491,128,3,2,3584,256,3,2,295168,128,3,2,295040,593792
492,256,1,1,1024,128,3,2,295040,128,3,1,147584,443648
493,32,3,2,896,256,3,2,73984,256,3,2,590080,664960
494,256,3,1,7168,128,3,2,295040,256,3,1,295168,597376
495,64,3,2,1792,128,3,1,73856,256,3,2,295168,370816
496,256,3,2,7168,128,3,1,295040,64,3,2,73792,376000
497,16,3,2,448,128,1,2,2176,128,5,1,409728,412352
498,256,3,2,7168,256,3,2,590080,128,3,2,295040,892288
499,64,3,1,1792,128,3,2,73856,256,3,1,295168,370816
500,64,3,2,1792,32,3,1,18464,256,5,2,205056,225312
501,256,3,2,7168,32,3,1,73760,16,3,1,4624,85552
502,256,3,2,7168,256,3,2,590080,16,3,2,36880,634128
503,256,3,2,7168,128,3,1,295040,256,3,1,295168,597376
504,32,3,2,896,64,3,2,18496,256,3,1,147712,167104
505,64,3,1,1792,256,3,2,147712,128,3,2,295040,444544
506,128,3,1,3584,256,5,2,819456,128,3,2,295040,1118080
507,256,3,1,7168,256,3,1,590080,256,3,1,590080,1187328
508,256,3,2,7168,32,3,1,73760,256,3,0,73984,154912
509,256,3,1,7168,64,3,1,147520,128,3,2,73856,228544
510,32,3,2,896,64,3,2,18496,128,1,1,8320,27712
511,64,3,1,1792,32,3,2,18464,256,3,1,73984,94240
512,32,3,2,896,128,3,1,36992,256,3,1,295168,333056
513,256,3,2,7168,64,3,2,147520,256,3,1,147712,302400
514,128,3,2,3584,256,3,1,295168,256,3,2,590080,888832
515,128,3,2,3584,128,3,2,147584,256,3,2,295168,446336
516,16,5,2,1216,256,3,2,37120,256,3,2,590080,628416
517,64,3,2,1792,256,3,2,147712,256,3,2,590080,739584
518,64,3,2,1792,64,3,2,36928,256,3,2,147712,186432
519,64,5,0,4864,128,3,1,73856,256,3,1,295168,373888
520,256,3,2,7168,256,3,2,590080,256,3,2,590080,1187328
521,256,3,1,7168,128,3,0,295040,256,3,1,295168,597376
522,128,3,2,3584,256,3,2,295168,256,3,1,590080,888832
523,256,3,2,7168,256,3,2,590080,128,3,1,295040,892288
524,256,3,2,7168,128,3,2,295040,256,3,2,295168,597376
525,256,3,2,7168,256,3,0,590080,256,3,1,590080,1187328
526,256,3,2,7168,256,3,2,590080,256,3,1,590080,1187328
527,128,3,1,3584,64,3,2,73792,128,3,2,73856,151232
528,64,3,2,1792,64,3,2,36928,64,3,2,36928,75648
529,256,3,2,7168,256,3,2,590080,64,3,2,147520,744768
530,128,3,2,3584,32,3,1,36896,256,3,2,73984,114464
531,64,3,0,1792,128,3,0,73856,32,3,2,36896,112544
532,128,3,2,3584,256,3,2,295168,128,3,2,295040,593792
533,128,3,1,3584,256,3,1,295168,256,3,1,590080,888832
534,16,3,1,448,256,3,2,37120,256,3,2,590080,627648
535,256,3,2,7168,256,3,2,590080,128,3,2,295040,892288
536,128,3,1,3584,128,3,1,147584,256,3,2,295168,446336
537,128,3,1,3584,32,3,2,36896,128,3,2,36992,77472
538,256,3,2,7168,256,3,1,590080,256,3,2,590080,1187328
539,256,3,2,7168,128,3,2,295040,256,3,2,295168,597376
540,256,3,1,7168,128,3,2,295040,256,3,2,295168,597376
541,256,3,2,7168,128,3,2,295040,128,3,2,147584,449792
542,256,3,2,7168,256,3,2,590080,256,3,2,590080,1187328
543,128,3,2,3584,128,3,2,147584,256,3,2,295168,446336
544,128,5,2,9728,256,3,2,295168,128,3,2,295040,599936
545,128,3,2,3584,128,3,2,147584,256,3,2,295168,446336
546,256,3,2,7168,128,3,2,295040,128,3,1,147584,449792
547,128,3,2,3584,256,3,2,295168,32,3,2,73760,372512
548,128,3,2,3584,256,3,2,295168,256,3,2,590080,888832
549,256,3,1,7168,64,3,2,147520,128,3,2,73856,228544
550,128,3,2,3584,32,3,2,36896,256,5,0,205056,245536
551,256,3,1,7168,256,3,2,590080,256,3,1,590080,1187328
552,256,3,2,7168,256,3,2,590080,256,3,0,590080,1187328
553,256,3,1,7168,256,3,2,590080,256,3,1,590080,1187328
554,256,3,0,7168,256,3,2,590080,256,3,2,590080,1187328
555,128,3,2,3584,256,3,2,295168,256,3,2,590080,888832
556,128,3,2,3584,128,3,2,147584,256,3,2,295168,446336
557,256,3,1,7168,64,3,1,147520,256,3,2,147712,302400
