train_loss,val_loss,test_acc,train_time,policy_gradient,max_accuracy,baseline
1.0493115272521973,0.9898551726341247,0.6442,32.913801193237305,7.348255634307861,0.6442,0.06441999999999999
0.8088341929912567,0.7772508001327515,0.7316,32.20330286026001,7.534003734588623,0.7316,0.13113799999999998
0.8208278000354767,0.7681866955757141,0.7298,55.087549924850464,6.662220478057861,0.7316,0.19100419999999996
0.6644805548191071,0.6415904974937439,0.7813,32.877768993377686,6.389349460601807,0.7813,0.25003378
0.6000141938924789,0.6142188489437104,0.7967,141.79475593566895,5.8127923011779785,0.7967,0.304700402
0.7241273847818375,0.7083779788017273,0.7601,60.25309944152832,5.151942729949951,0.7967,0.35024036179999996
1.0027064487934112,0.9469959032535553,0.6662,40.06984853744507,3.3352558612823486,0.7967,0.3818363256199999
0.6055782796144485,0.6085096704959869,0.7832,68.02003788948059,4.475254535675049,0.7967,0.42197269305799995
1.1029978489875794,1.0556167459487915,0.6186,41.19228553771973,2.188514232635498,0.7967,0.44163542375219994
0.9665488195419312,0.8940934467315674,0.6867,31.916041374206543,2.7067620754241943,0.7967,0.46614188137698
0.9617699477672577,0.9264877307415008,0.6735,32.31959939002991,2.3506953716278076,0.7967,0.486877693239282
1.0214063129425048,0.9930902516841889,0.6453,33.11538481712341,1.691756010055542,0.7967,0.5027199239153538
0.6724635807275772,0.6828435814380646,0.7632,60.073339223861694,2.7117531299591064,0.7967,0.5287679315238184
0.891589616060257,0.842712082862854,0.7032,32.185285568237305,1.7514795064926147,0.7967,0.5462111383714365
1.1234386293888092,1.0906681668758393,0.613,67.25414299964905,0.7640362977981567,0.7967,0.5528900245342929
0.9062959666252136,0.8333695805072785,0.7042,59.4392728805542,1.4580776691436768,0.7967,0.5680210220808637
1.0450667939186096,1.0105532085895539,0.6433,68.25493359565735,0.8159586191177368,0.7967,0.5755489198727773
1.13672368311882,1.0800997579097749,0.608,32.11695742607117,0.35227492451667786,0.7967,0.5787940278854996
0.69593326151371,0.6785169512033462,0.7635,30.78779435157776,1.9981868267059326,0.7967,0.5972646250969496
0.7592295663356781,0.7038058793544769,0.7561,30.91214609146118,1.7567322254180908,0.7967,0.6131481625872546
0.7948786857128143,0.7311102640628815,0.7477,32.79430890083313,1.7070164680480957,0.7967,0.6266033463285291
0.7122782618999481,0.6739842689037323,0.76,58.4022581577301,1.3164727687835693,0.7967,0.6399430116956761
0.835040244102478,0.7858002519607544,0.725,32.79158687591553,0.876883327960968,0.7967,0.6484487105261085
0.9688484423160553,0.9190862464904785,0.6807,30.906784057617188,0.363156259059906,0.7967,0.6516738394734977
1.0345211424827576,1.0265442907810212,0.6347,42.94218921661377,-0.19860446453094482,0.7967,0.6499764555261479
1.0034079902172088,0.9906695425510407,0.6468,46.95957040786743,-0.03743857517838478,0.7967,0.6496588099735331
0.8891347036361694,0.8782022762298584,0.6917,31.871541023254395,0.4391587972640991,0.7967,0.6538629289761797
0.6989580962657929,0.671366800069809,0.7706,62.48137187957764,1.2832404375076294,0.7967,0.6655366360785617
1.002829226732254,0.9647916626930236,0.6554,149.78277826309204,-0.11856237798929214,0.7967,0.6645229724707056
0.8082810831069946,0.7922668182849884,0.7169,41.24205708503723,0.5842711329460144,0.7967,0.6697606752236349
0.8476819846630096,0.7978904139995575,0.7158,32.866116523742676,0.5125904679298401,0.7967,0.6743646077012714
0.8001219217777252,0.7358747720718384,0.7439,40.009544372558594,0.6494653820991516,0.7967,0.6813181469311442
0.5588449333906174,0.5695915615558624,0.806,34.66187882423401,1.4143328666687012,0.806,0.6937863322380299
0.6172647960186005,0.6524873876571655,0.776,31.542041540145874,0.8174006938934326,0.806,0.7020076990142269
0.6950533202886582,0.6572583889961243,0.7676,29.269189596176147,0.6994816660881042,0.806,0.7085669291128042
0.7280795865058899,0.6846701371669769,0.7633,33.11521530151367,0.5479294657707214,0.806,0.7140402362015238
0.723451014995575,0.6668186998367309,0.7671,32.945711612701416,0.4819968044757843,0.806,0.7193462125813713
0.7535657849311829,0.7181298041343689,0.7526,33.55125451087952,0.43924763798713684,0.806,0.7226715913232342
0.6237481449842452,0.6193738967180252,0.7863,31.828877687454224,0.6405715346336365,0.806,0.7290344321909108
0.5702067406177521,0.5990214091539383,0.7988,69.48727321624756,0.6323272585868835,0.806,0.7360109889718197
0.7770349266529083,0.7245271348953247,0.7447,35.520623445510864,0.10820215195417404,0.806,0.7368798900746378
0.9423344175815582,0.9049195158481598,0.6794,31.33345937728882,-0.5425655841827393,0.806,0.7311319010671741
0.6343112198114396,0.5998942583799363,0.7946,35.82195687294006,0.6465412974357605,0.806,0.7374787109604567
0.9596994388103485,0.8692622649669647,0.6942,31.934090614318848,-0.5034180879592896,0.806,0.7331508398644111
0.6414150733947754,0.6132805544137955,0.7908,33.47013521194458,0.6223776936531067,0.806,0.73891575587797
0.7839702095985412,0.7197421646118164,0.7461,47.76269197463989,0.07790027558803558,0.806,0.7396341802901729
0.7952908518314361,0.7387226939201355,0.737,32.881016969680786,-0.03621162474155426,0.806,0.7393707622611556
0.6655471622943878,0.6272027599811554,0.7807,84.08482384681702,0.4476604461669922,0.806,0.74350368603504
0.7105923821926117,0.7135408806800843,0.7528,63.046130895614624,0.09397213906049728,0.806,0.7444333174315361
0.6391098535060883,0.6078634822368622,0.7895,34.76655697822571,0.4814729392528534,0.806,0.7489399856883825
0.9992605907917023,0.9501571953296661,0.6644,66.89706540107727,-0.9143538475036621,0.806,0.7404859871195442
0.9114848299026489,0.8425867176055908,0.7021,30.626516819000244,-0.3814350962638855,0.806,0.7366473884075898
0.716587125301361,0.7193339669704437,0.7534,63.9547164440155,0.1840922236442566,0.806,0.7383226495668308
0.9484557356834412,0.8819990181922912,0.6884,31.816269874572754,-0.5262554287910461,0.806,0.7333303846101478
1.1231459014415741,1.0564802074432373,0.6234,60.176053524017334,-1.269758701324463,0.806,0.7223373461491329
0.9930942635536194,0.9559078252315522,0.6566,30.73071837425232,-0.6383241415023804,0.806,0.7157636115342196
0.8045131876468659,0.764686336517334,0.7319,33.232157945632935,0.1623784899711609,0.806,0.7173772503807977
0.8813743805885315,0.885138646364212,0.6958,81.89389705657959,-0.24312540888786316,0.806,0.7152195253427179
1.047811475276947,0.9845678722858429,0.6522,34.09425592422485,-0.807442307472229,0.806,0.7089175728084461
0.6413824422359466,0.6462123787403107,0.7735,32.09826183319092,0.6101804375648499,0.806,0.7153758155276015
0.6356334657669067,0.6844957506656647,0.7599,33.680012226104736,0.5296948552131653,0.806,0.7198282339748414
1.1244600713253021,1.0761091661453248,0.6154,31.378104209899902,-1.0771420001983643,0.806,0.7093854105773574
0.598141677737236,0.6177755069732666,0.7884,31.035423278808594,0.9024375081062317,0.806,0.7172868695196217
0.7519639558792114,0.7088177073001861,0.7586,43.294145345687866,0.4902055859565735,0.806,0.7214181825676595
1.12762992143631,1.1271426510810851,0.5965,48.66454339027405,-1.54226815700531,0.806,0.7089263643108936
0.8716433265209198,0.8072135639190674,0.7163,31.228623151779175,0.07524659484624863,0.806,0.7096637278798043
0.8096485743522644,0.7439454305171966,0.7372,59.71480989456177,0.23116634786128998,0.806,0.7124173550918238
0.9551516263484955,0.9201550483703613,0.6731,30.52231526374817,-0.4447592496871948,0.806,0.7084856195826414
0.8799498529434204,0.815573787689209,0.7085,33.62780165672302,0.00015016090765129775,0.806,0.7084870576243772
0.9381813936233521,0.9039662373065949,0.6856,60.13067436218262,-0.28804582357406616,0.806,0.7061983518619395
0.7132695446014404,0.6823221600055694,0.7608,39.79187202453613,0.5327712893486023,0.806,0.7116585166757454
0.8634749476909638,0.8082155704498291,0.7095,30.27005386352539,-0.022263217717409134,0.806,0.7114426650081709
0.8455581185817719,0.7780216372013092,0.7261,36.38512873649597,0.17323720455169678,0.806,0.7129083985073538
0.762309175491333,0.73156254529953,0.7467,33.57964611053467,0.4017735421657562,0.806,0.7162875586566184
0.5644012705087662,0.5578481376171112,0.8119,35.351611852645874,1.0573676824569702,0.8119,0.7258488027909565
0.6246840286254883,0.616911216378212,0.7907,67.12875723838806,0.5765342712402344,0.8119,0.7323339225118609
0.6818188836574555,0.6529621279239655,0.7732,61.2214777469635,0.31466585397720337,0.8119,0.7364205302606748
0.6938251309394836,0.7058120393753051,0.7557,38.92560434341431,0.2062419205904007,0.8119,0.7383484772346074
0.5625309998989105,0.5807103264331818,0.8042,32.8570876121521,0.6294456124305725,0.8119,0.7449336295111466
0.7243578331470489,0.6707926750183105,0.7661,30.989628314971924,0.20219849050045013,0.8119,0.7470502665600319
0.9723586766719818,0.9583284676074981,0.6618,108.75088763237,-1.0700937509536743,0.8119,0.7385252399040287
0.8014552257061005,0.7526727533340454,0.7408,30.70612859725952,0.018740879371762276,0.8119,0.7387527159136258
0.9376164221763611,0.8614650678634643,0.6903,31.21525549888611,-0.4488522410392761,0.8119,0.7339074443222633
0.7475884084701538,0.6979545283317566,0.7557,33.534749269485474,0.22750680148601532,0.8119,0.736086699890037
0.9665382034778595,0.8864767801761627,0.6862,30.49935817718506,-0.5173035264015198,0.8119,0.7310980299010333
1.1564933516979217,1.0922699916362761,0.6049,33.48492908477783,-1.629960298538208,0.8119,0.71847822691093
0.872185026884079,0.8486185956001282,0.7007,84.9345715045929,-0.1841970980167389,0.8119,0.7167004042198369
0.7219906463623047,0.7254704463481904,0.7438,59.51123046875,0.2669519782066345,0.8119,0.7194103637978533
0.8129435980319977,0.7384175717830658,0.7383,30.404117107391357,0.20947128534317017,0.8119,0.7212993274180679
0.6355126407146454,0.5939456593990325,0.7947,79.06955742835999,0.6881970167160034,0.8119,0.728639394676261
0.9280476338863373,0.8292641723155976,0.7071,30.740350246429443,-0.26089420914649963,0.8119,0.726485455208635
0.665186026930809,0.6862010753154755,0.7585,35.77182674407959,0.31147894263267517,0.8119,0.7296869096877714
0.844886079788208,0.8170624470710754,0.7138,39.12923240661621,-0.1701928675174713,0.8119,0.7280982187189943
0.8310361850261688,0.7685039567947388,0.7279,30.61787223815918,-0.0020791259594261646,0.8119,0.7280783968470949
0.9025990414619446,0.8430932223796844,0.7054,30.143552780151367,-0.29236847162246704,0.8119,0.7258105571623854
0.8750819826126098,0.8115207505226135,0.7126,30.584892511367798,-0.12175287306308746,0.8119,0.7244895014461469
0.7983533236980438,0.7453151214122772,0.7441,30.674253463745117,0.20731221139431,0.8119,0.7264505513015321
1.0199584472179413,0.9919897246360779,0.6516,39.727839946746826,-1.0333120822906494,0.8119,0.718965496171379
0.6369775739908219,0.6114118611812591,0.7932,37.65152716636658,0.7006304860115051,0.8119,0.726388946554241
0.7681790134906769,0.7499201011657715,0.7328,39.706493616104126,0.07494010776281357,0.8119,0.727030051898817
0.5929276018142701,0.5954703611135482,0.7955,32.165013790130615,0.694750964641571,0.8119,0.7338770467089353
0.6907275726795197,0.6314828622341156,0.7793,64.99097442626953,0.4318089783191681,0.8119,0.7384193420380417
0.8441448669433593,0.7849291324615478,0.7198,34.40024924278259,-0.20411814749240875,0.8119,0.7365574078342376
0.7074299371242523,0.6903603708744049,0.7624,37.87636876106262,0.27432146668434143,0.8119,0.7391416670508139
0.5438471972942353,0.561156222820282,0.8062,50.08303642272949,0.7969992756843567,0.8119,0.7458475003457326
0.6897795188426972,0.6589608979225159,0.771,42.798717737197876,0.22730015218257904,0.8119,0.7483627503111593
0.5940694386959076,0.5749443149566651,0.7995,31.236598014831543,0.47385963797569275,0.8119,0.7534764752800434
0.7398624317646026,0.7200141417980194,0.7517,47.22252655029297,-0.0169655941426754,0.8119,0.753298827752039
0.7647117121219635,0.7540135478973389,0.7349,31.255048990249634,-0.14958453178405762,0.8119,0.7514589449768351
0.6831100894212723,0.6770480751991272,0.7657,30.170233726501465,0.12098260968923569,0.8119,0.7528830504791516
0.805568904876709,0.7444010841846466,0.7362,36.03381609916687,-0.1949102282524109,0.8119,0.7512147454312365
0.8927079396247863,0.826758941411972,0.7064,33.05184507369995,-0.46913936734199524,0.8119,0.7467332708881127
0.9157888841629028,0.8907477676868438,0.6858,33.24792838096619,-0.7795460820198059,0.8119,0.7406399437993014
0.8595387539863586,0.8124524855613708,0.7169,29.747085094451904,-0.29919835925102234,0.8119,0.7382659494193713
0.7201371541023255,0.697336710691452,0.7548,32.51157999038696,0.20750753581523895,0.8119,0.7399193544774342
0.7447277612686157,0.7181657326221466,0.7454,31.444889068603516,0.05075724050402641,0.8119,0.7404674190296907
0.6466668114662171,0.6178205794095993,0.7904,74.88172769546509,0.5744207501411438,0.8119,0.7454606771267217
0.8866520111560822,0.8143129670619964,0.7178,47.55461835861206,-0.295854777097702,0.8119,0.7426946094140495
0.5850446890592575,0.578345251083374,0.7994,73.07854437828064,0.47704675793647766,0.8119,0.7483651484726446
0.6461153594255448,0.6232272404432296,0.7797,48.318902254104614,0.2866741418838501,0.8119,0.7514986336253802
0.8092382099628449,0.76194460272789,0.73,33.19754123687744,-0.23647938668727875,0.8119,0.7493487702628421
0.5706603643894196,0.5926326483488082,0.7933,31.053492546081543,0.4884026348590851,0.8119,0.7537438932365579
0.8044456045627594,0.7567150998115539,0.7377,30.489202976226807,-0.1496017426252365,0.8119,0.7521395039129021
0.8804456672668457,0.8137881577014923,0.7143,29.779796361923218,-0.44407978653907776,0.8119,0.7483555535216119
0.844971382856369,0.7729681456089019,0.7324,29.735111713409424,-0.17351821064949036,0.8119,0.7467599981694507
0.8165679914951325,0.8432120656967164,0.7068,47.163838148117065,-0.4374673664569855,0.8119,0.7427639983525056
0.82804017162323,0.8086560475826263,0.7162,57.300737619400024,-0.2981862723827362,0.8119,0.740107598517255
0.7327877514362335,0.6864785313606262,0.7619,76.15396046638489,0.19902217388153076,0.8119,0.7422868386655296
0.6139932471513748,0.6428885912895203,0.7757,36.12459325790405,0.33707502484321594,0.8119,0.7456281547989767
0.8735959405899048,0.7916761660575866,0.7207,33.3630747795105,-0.32021135091781616,0.8119,0.743135339319079
0.7513174321651459,0.7297575008869172,0.7489,38.88230633735657,0.06375842541456223,0.8119,0.7437118053871712
0.7233162474632263,0.7008248233795166,0.7533,55.55298447608948,0.11433612555265427,0.8119,0.7446706248484541
0.8179567155838012,0.7579670298099518,0.7339,30.782538652420044,-0.11140046268701553,0.8119,0.7435935623636087
0.53124569439888,0.558056925535202,0.8136,37.103495836257935,0.74782794713974,0.8136,0.7505942061272479
0.6166556732654571,0.6158138525485992,0.7874,37.13106560707092,0.3516917824745178,0.8136,0.7542747855145231
0.7927276563644409,0.8106912732124328,0.7189,91.20783638954163,-0.30499017238616943,0.8136,0.7507373069630708
0.6059634591341019,0.5937399142980575,0.797,31.067317247390747,0.5380966663360596,0.8136,0.7553635762667638
0.886082885980606,0.8441311347484589,0.7029,31.00580596923828,-0.5799161791801453,0.8136,0.7501172186400874
0.699303559422493,0.6800288653373718,0.7678,49.490840673446655,0.20093794167041779,0.8136,0.7518854967760786
0.6912469785213471,0.6369570076465607,0.7809,35.21241807937622,0.2718997597694397,0.8136,0.7547869470984708
0.8437971148490906,0.7612594473361969,0.7336,31.963423490524292,-0.2555065453052521,0.8136,0.7526682523886238
0.5750014034509658,0.5797728419303894,0.8018,67.7652518749237,0.41610202193260193,0.8136,0.7575814271497614
0.8308136160373688,0.7750466144084931,0.7249,33.13490152359009,-0.37004202604293823,0.8136,0.7543132844347852
0.5961110390424729,0.5997888100147247,0.7952,104.91383337974548,0.3175887167453766,0.8136,0.7584019559913067
0.7137159624099731,0.6612784951925278,0.7691,33.937557220458984,0.10766136646270752,0.8136,0.7594717603921759
0.7820061483383178,0.7430082321166992,0.7391,30.926513195037842,-0.19625045359134674,0.8136,0.7574345843529584
0.7460902433395386,0.7124336338043213,0.7491,66.28293228149414,-0.07718561589717865,0.8136,0.7566011259176626
0.5943933835029602,0.5983582496643066,0.7917,61.45591902732849,0.32606053352355957,0.8136,0.7601110133258964
0.6326831181049347,0.6175430035591125,0.7842,55.72429633140564,0.20837073028087616,0.8136,0.7625199119933068
0.6394191854000092,0.6348655557632447,0.7831,129.58293509483337,0.2234381139278412,0.8136,0.7645779207939761
0.8407438004016876,0.781881844997406,0.7263,31.130308151245117,-0.4605769217014313,0.8136,0.7607501287145785
0.657608132481575,0.6308666694164277,0.7789,42.96047854423523,0.16210275888442993,0.8136,0.7625651158431207
0.7600551052093506,0.7439586901664734,0.744,33.63129138946533,-0.20545588433742523,0.8136,0.7607086042588087
0.6502873703241349,0.6451074421405792,0.7743,39.20548677444458,0.12622769176959991,0.8136,0.7620677438329279
0.6423143935203552,0.700710312128067,0.7581,78.49737811088562,-0.035761911422014236,0.8136,0.7616709694496351
0.6548269634246826,0.6175968289375305,0.7843,30.843580961227417,0.24625089764595032,0.8136,0.7639338725046716
0.6425622810125351,0.6585519415140152,0.7777,37.02666711807251,0.13363391160964966,0.8136,0.7653104852542044
0.5568336535692215,0.5729607415199279,0.8049,46.675195932388306,0.4119977355003357,0.8136,0.7692694367287839
0.6995412455797195,0.7119956254959107,0.7515,58.489378690719604,-0.17333108186721802,0.8136,0.7674924930559055
0.6944498467445374,0.681903419494629,0.7581,66.81705093383789,-0.08582142740488052,0.8136,0.7665532437503149
0.6448611487150192,0.6291418600082398,0.7864,32.27675986289978,0.19648954272270203,0.8136,0.7685379193752835
0.7420488600730896,0.7091858315467835,0.749,42.58517599105835,-0.2678698003292084,0.8136,0.7665841274377552
0.7017394690513611,0.6627322149276733,0.7709,31.234689950942993,0.040027767419815063,0.8136,0.7670157146939797
0.7069185265302658,0.6430593377351761,0.7776,52.247886419296265,0.10241460055112839,0.8136,0.7680741432245817
0.8329742293357849,0.7779870545864105,0.7237,31.147184133529663,-0.4682123363018036,0.8136,0.7636367289021235
0.6911906681060791,0.6726781833171844,0.7666,31.419065475463867,0.028537610545754433,0.8136,0.7639330560119112
0.7802847285270691,0.7429206252098084,0.7414,37.18499302864075,-0.2527351975440979,0.8136,0.7616797504107201
0.8018067629337311,0.7729456532001495,0.7303,31.54230570793152,-0.3047981858253479,0.8136,0.7585417753696482
0.6524945690631866,0.658124566078186,0.7781,110.02071285247803,0.2397102415561676,0.8136,0.7604975978326833
0.7325280451774597,0.7309270489215851,0.7532,48.70715641975403,-0.08932365477085114,0.8136,0.759767838049415
0.7264001522064208,0.6717486596107483,0.7692,49.53878211975098,0.08683576434850693,0.8136,0.7607110542444735
0.7622302801609039,0.6838950932025909,0.7601,55.59684634208679,-0.006258111447095871,0.8136,0.7606499488200262
0.5793375010490418,0.59782546043396,0.7928,93.2341902256012,0.2361232042312622,0.8136,0.7638649539380237
0.709538966178894,0.7219444918632507,0.7544,70.61147356033325,-0.08302779495716095,0.8136,0.7629184585442212
0.9144738376140594,0.8908756124973297,0.6804,41.18396043777466,-0.9381041526794434,0.8136,0.7546666126897992
0.7965887989997864,0.763575690984726,0.733,64.36052703857422,-0.1695672571659088,0.8136,0.7524999514208193
0.555241925239563,0.5484936583042145,0.813,89.21066355705261,0.6302244663238525,0.8136,0.7585499562787373
0.7149555561542511,0.688109838962555,0.7601,32.49582767486572,0.017448611557483673,0.8136,0.7587049606508637
0.6068883267641068,0.6376976764202118,0.7849,38.397783517837524,0.2833044230937958,0.8136,0.7613244645857773
0.8494907875061035,0.8220844805240631,0.7126,63.056262493133545,-0.4710232615470886,0.8136,0.7564520181271995
0.5774309620857239,0.5989993733167648,0.7962,56.98565649986267,0.3491457402706146,0.8136,0.7604268163144796
0.7139616401195527,0.669683450460434,0.7673,31.14401650428772,0.05965564772486687,0.8136,0.7611141346830317
0.6012836014032363,0.6131098812818527,0.7935,35.529151916503906,0.34645259380340576,0.8136,0.7643527212147285
0.9429417986869812,0.862870751619339,0.6929,31.88687491416931,-0.9250915050506592,0.8136,0.7572074490932557
0.7639758286476135,0.6931792676448822,0.755,31.113232851028442,-0.023776479065418243,0.8136,0.7569867041839301
0.9995797581672669,0.9530603337287903,0.663,34.35568618774414,-1.2227164506912231,0.8136,0.7475880337655372
0.5957937997579574,0.5866918778419494,0.7987,39.187949419021606,0.551425039768219,0.8136,0.7526992303889835
0.7146623804569244,0.6903488945960998,0.7634,30.390941858291626,0.10885033011436462,0.8136,0.7537693073500851
0.6767792675495148,0.680932948589325,0.766,64.12405157089233,0.0934285894036293,0.8136,0.7549923766150766
0.6648870954513549,0.6546956276893616,0.7719,36.117595195770264,0.15985679626464844,0.8136,0.7566831389535689
0.8986850798130035,0.8741624939441681,0.6998,33.28863573074341,-0.771680474281311,0.8136,0.7509948250582119
0.6367577681541443,0.61391084253788,0.7873,33.19824719429016,0.41005703806877136,0.8136,0.7546253425523907
0.6649740097522736,0.6164784049987793,0.7835,33.873714208602905,0.24951788783073425,0.8136,0.7575128082971516
0.558058368563652,0.6039110124111176,0.7972,37.843974351882935,0.36946016550064087,0.8136,0.7614815274674365
0.575612595319748,0.6302535945177078,0.7848,69.0259325504303,0.23546749353408813,0.8136,0.7638133747206929
0.8368979399204254,0.7960258829593658,0.7248,63.41133975982666,-0.31441712379455566,0.8136,0.7599120372486236
0.7493354110717774,0.6984286451339722,0.7598,84.99606537818909,-0.0009399044211022556,0.8136,0.7599008335237611
0.7856272978782654,0.7087072157859802,0.7545,61.93670153617859,-0.05863963067531586,0.8136,0.759360750171385
0.6563724867105484,0.6249999153614044,0.785,91.84593939781189,0.1985311061143875,0.8136,0.7619246751542466
0.5429534025192261,0.6001876693964004,0.7915,38.38776969909668,0.3214092254638672,0.8136,0.7648822076388219
0.6162995147705078,0.621966028213501,0.7844,33.22464394569397,0.1597955971956253,0.8136,0.7668339868749396
0.5904026427268982,0.5981035143136978,0.792,68.63657402992249,0.21178500354290009,0.8136,0.7693505881874456
0.7329886236190796,0.7145300495624543,0.7509,35.50951790809631,-0.17077553272247314,0.8136,0.7675055293687011
0.7560093927383423,0.7063856840133667,0.7559,47.747957706451416,-0.13582248985767365,0.8136,0.7663449764318311
0.989009212732315,0.9404232847690582,0.6676,52.26786971092224,-1.1150952577590942,0.8136,0.756470478788648
0.5381064039468765,0.5930145102739334,0.7985,38.08042812347412,0.3810053765773773,0.8136,0.7606734309097832
0.818831690788269,0.8082355797290802,0.7185,38.7664155960083,-0.48974642157554626,0.8136,0.7564560878188049
0.6390615355968475,0.6172770977020263,0.791,41.10090517997742,0.3477831482887268,0.8136,0.7599104790369244
0.8672250216007232,0.820406494140625,0.7173,51.53198003768921,-0.5051963925361633,0.8136,0.755649431133232
0.5865054720640183,0.5730863434076309,0.7992,39.01732063293457,0.45137953758239746,0.8136,0.7600044880199088
0.9434763684272766,0.9081522893905639,0.6777,45.76179838180542,-0.9454483985900879,0.8136,0.751774039217918
0.6833048696517945,0.6587411510944366,0.7701,69.88261723518372,0.14885704219341278,0.8136,0.7536066352961263
0.6854840397834778,0.6634003216028214,0.7703,40.8178071975708,0.14300599694252014,0.8136,0.7552759717665136
0.6278392068147659,0.6535429990291596,0.7762,64.02129411697388,0.15840429067611694,0.8136,0.7573683745898623
0.6326645963191986,0.6907074046134949,0.76,51.97107911109924,0.03520425409078598,0.8136,0.757631537130876
0.5615500469207764,0.593537003993988,0.7975,67.62477135658264,0.40546706318855286,0.8136,0.7616183834177884
0.5686469143629074,0.5962199759483338,0.7972,104.72888803482056,0.25186604261398315,0.8136,0.7651765450760096
0.7353300368785858,0.7029268622398377,0.7557,30.96881413459778,-0.10131822526454926,0.8136,0.7642288905684087
0.9422235887050628,0.9440599274635315,0.6642,73.46146321296692,-0.9691171050071716,0.8136,0.7542260015115679
0.6482204304933548,0.6240944212675095,0.7851,31.669288873672485,0.25248512625694275,0.8136,0.7573134013604111
0.8057631015777588,0.7988317823410034,0.7219,34.044532775878906,-0.4525897204875946,0.8136,0.75377206122437
0.6070795179605484,0.6381779795885086,0.7781,92.13606405258179,0.1877087950706482,0.8136,0.7562048551019329
0.6982561516761779,0.6567730963230133,0.7787,71.34743237495422,0.2130182981491089,0.8136,0.7584543695917396
0.5436932641267777,0.5718752175569535,0.8026,33.97645664215088,0.43507876992225647,0.8136,0.7628689326325657
0.6556398086547851,0.644526549577713,0.7787,35.77037262916565,0.16252198815345764,0.8136,0.7644520393693092
0.6485084511041641,0.636454353928566,0.7796,31.237077951431274,0.13634461164474487,0.8136,0.7659668354323783
0.6933443300724029,0.6960758733749389,0.7601,34.56102442741394,-0.0690198764204979,0.8136,0.7653801518891405
0.641609570980072,0.6460943031311035,0.7756,66.37476992607117,0.08010850101709366,0.8136,0.7664021367002265
0.6623464357852936,0.6736678969860077,0.7689,94.90760827064514,0.02474607340991497,0.8136,0.7666519230302039
0.7461790611743927,0.7152881312370301,0.7547,60.44868230819702,-0.10055883973836899,0.8136,0.7654567307271836
0.5877768046855927,0.6042982697486877,0.7934,40.494227170944214,0.22563578188419342,0.8136,0.7682510576544652
0.8045417947769165,0.7488853287696838,0.7386,52.05937743186951,-0.32018977403640747,0.8136,0.7652859518890187
0.8837887284755707,0.8478501212596893,0.7011,31.28032636642456,-0.621297299861908,0.8136,0.7588673567001168
0.5552065492868423,0.5667565959692001,0.8067,35.65258812904358,0.37818238139152527,0.8136,0.7636506210301052
0.6384973740577697,0.6107801246643066,0.7915,99.34786462783813,0.22567550837993622,0.8136,0.7664355589270946
0.6492625335454941,0.6821473956108093,0.7615,37.29932427406311,-0.041913606226444244,0.8136,0.7659420030343851
0.6597801158428193,0.6524791085720062,0.7794,33.56498885154724,0.15054000914096832,0.8136,0.7672878027309467
0.7809374907016754,0.733685222864151,0.7484,30.509271383285522,-0.2577749192714691,0.8136,0.7653990224578521
0.8102189464569092,0.7532305634021759,0.739,56.06684732437134,-0.2942938208580017,0.8136,0.7627591202120668
0.6622575566768646,0.651088324189186,0.7734,69.94092416763306,0.09722814708948135,0.8136,0.7638232081908601
0.7034684977531434,0.6671492648124695,0.7673,31.04611587524414,0.036150187253952026,0.8136,0.7641708873717741
0.6750826253890991,0.6410049986839295,0.7757,37.99085569381714,0.09643232077360153,0.8136,0.7653237986345967
0.5658773837089539,0.5720727533102036,0.8058,39.719618797302246,0.40202760696411133,0.8136,0.769371418771137
0.705030727148056,0.6610911697149277,0.7715,33.26328802108765,0.025556722655892372,0.8136,0.7695842768940233
0.6150165718793869,0.6040603655576706,0.7887,93.11034107208252,0.14677895605564117,0.8136,0.771495849204621
0.5812873795032502,0.6110561949014663,0.7912,93.23907113075256,0.13346801698207855,0.8136,0.7734662642841589
0.7399786756038665,0.7228561282157898,0.7439,33.171271562576294,-0.34826549887657166,0.8136,0.770509637855743
0.8349873564243316,0.7981285333633423,0.7176,33.30979776382446,-0.6581236124038696,0.8136,0.7652186740701687
0.9150780947208405,0.9139285826683045,0.674,151.22840929031372,-1.138586401939392,0.8136,0.7560968066631519
0.5899716765880585,0.5762343126535415,0.8052,37.14261603355408,0.358214795589447,0.8136,0.7610071259968367
0.681339833021164,0.668523701429367,0.7702,70.09169244766235,0.07629840075969696,0.8136,0.7619264133971531
0.5314711241722107,0.5683753323554993,0.8071,56.301053047180176,0.42225345969200134,0.8136,0.7664437720574377
0.8831506202220917,0.8064867508411407,0.7176,30.68286418914795,-0.7131626605987549,0.8136,0.7615593948516939
0.9273506700992584,0.8607168698310852,0.7013,57.86943054199219,-0.858934760093689,0.8136,0.7555334553665245
0.6426704608201981,0.6144334197044372,0.7899,74.66824054718018,0.30044400691986084,0.8136,0.7589701098298721
0.704698903799057,0.7067598533630371,0.7544,64.99607419967651,-0.04343502223491669,0.8136,0.7585130988468849
0.5665594894886017,0.5801622545719147,0.8058,34.55631375312805,0.3916636109352112,0.8136,0.7632417889621964
0.6641851350069046,0.6457012450695038,0.7779,60.32690167427063,0.12021364271640778,0.8136,0.7647076100659768
0.6226519899368286,0.614813798069954,0.7906,34.27832007408142,0.21992070972919464,0.8136,0.7672968490593791
0.7195341470241546,0.6769026529788971,0.7642,63.042275190353394,-0.03647014871239662,0.8136,0.7669871641534411
0.5420588310956955,0.5885892868041992,0.8024,66.61698627471924,0.2670728266239166,0.8136,0.770528447738097
0.7925216455459595,0.7526391220092773,0.7358,31.243451833724976,-0.35714486241340637,0.8136,0.7670556029642873
0.6685649585723877,0.6791964203119278,0.7641,58.60329532623291,-0.03184659034013748,0.8136,0.7667600426678586
0.6343426631689072,0.6218519204854965,0.786,82.26379108428955,0.17092405259609222,0.8136,0.7686840384010727
0.6278169913291931,0.6243667954206467,0.7858,73.80702996253967,0.18044321238994598,0.8136,0.7703956345609654
0.6791410074234009,0.663619647026062,0.7734,81.47454261779785,0.027497516945004463,0.8136,0.7706960711048688
0.5558890744447708,0.5861872285604477,0.7959,42.65598464012146,0.19178703427314758,0.8136,0.7732164639943819
0.5484008585214615,0.5996658504009247,0.7984,33.25992131233215,0.19838693737983704,0.8136,0.7757348175949438
0.7629169631004333,0.7191555333137513,0.7491,31.458462476730347,-0.273133784532547,0.8136,0.7730713358354493
0.6860500771999359,0.660640094280243,0.7698,52.94341540336609,-0.028331371024250984,0.8136,0.7727442022519044
0.571081966996193,0.5767461574077606,0.7991,34.68913531303406,0.19313497841358185,0.8136,0.7753797820267141
0.6279127213954926,0.6359678316116333,0.7771,89.54242897033691,0.012091655284166336,0.8136,0.7755518038240427
0.7106857390403748,0.6656212294101715,0.7685,60.645527839660645,-0.04979660362005234,0.8136,0.7748466234416383
0.6236687697172165,0.6153449714183807,0.7897,38.60935664176941,0.10499279201030731,0.8136,0.7763319610974745
0.6543223483562469,0.6230016779899598,0.7885,58.10469651222229,0.15496006608009338,0.8136,0.7775487649877271
0.5326058282852173,0.5882326036691665,0.802,81.5354437828064,0.169560506939888,0.8136,0.7799938884889543
0.6842506551742553,0.6682239210605622,0.7685,45.5881769657135,-0.139048770070076,0.8136,0.7788444996400589
0.5672887655496597,0.5509611815214157,0.8136,70.9435441493988,0.2780439555644989,0.8136,0.782320049676053
0.6075977457761764,0.584733253121376,0.794,31.7247052192688,0.08356375992298126,0.8136,0.7834880447084477
0.5718611271381379,0.5964437961578369,0.7937,39.224364280700684,0.10849110037088394,0.8136,0.7845092402376028
0.7232818148136139,0.6611978805065155,0.7701,34.136788845062256,-0.13390082120895386,0.8136,0.7830683162138425
0.6492578902244568,0.6215425968170166,0.7854,88.9426634311676,0.01611354947090149,0.8136,0.7833014845924583
0.6992028464078903,0.6763885295391083,0.7632,34.41425323486328,-0.1513591855764389,0.8136,0.7812913361332124
0.7443772749900818,0.7439764058589935,0.7388,49.16049885749817,-0.4413182735443115,0.8136,0.7770422025198912
0.5766560652256012,0.6055696076154709,0.7948,69.22221660614014,0.16355445981025696,0.8136,0.7788179822679021
0.6155199139118195,0.623041353225708,0.79,31.70973515510559,0.09643048793077469,0.8136,0.7799361840411119
0.5222892622947692,0.5621543490886688,0.8093,81.73779368400574,0.18887023627758026,0.8136,0.7828725656370007
0.6197309917211533,0.6082414513826371,0.7912,89.61918497085571,0.05850152671337128,0.8136,0.7837053090733006
0.5789968756437301,0.5765801423788071,0.8088,72.92895746231079,0.22500285506248474,0.8136,0.7862147781659705
0.5702469376325607,0.6000416618585587,0.7963,40.99177622795105,0.13548235595226288,0.8136,0.7872233003493735
0.5348374359607696,0.572560784816742,0.8053,35.40495038032532,0.1598132848739624,0.8136,0.7890309703144361
0.7580250778198242,0.7036377823352814,0.7532,34.39145827293396,-0.28216296434402466,0.8136,0.7854478732829925
0.6569217910766602,0.6218282276391983,0.7823,56.72076630592346,-0.03569858521223068,0.8136,0.7851330859546932
0.6681212722063065,0.6630348259210587,0.7718,48.169546365737915,-0.11228469014167786,0.8136,0.7837997773592239
0.9050015571117401,0.840650622844696,0.7017,36.95222020149231,-0.9181914329528809,0.8136,0.7755897996233014
0.8201618516445159,0.7871785652637482,0.7186,30.43716311454773,-0.6769370436668396,0.8136,0.7698908196609713
0.653611512541771,0.6440365970134735,0.777,83.21150755882263,0.062117572873830795,0.8136,0.7706017376948742
0.6682557849884033,0.622715316414833,0.7854,34.29231595993042,0.13484802842140198,0.8136,0.7720815639253867
0.6651464825868607,0.6522151613235474,0.7794,58.60185670852661,0.05132918059825897,0.8136,0.7728134075328481
0.6277211154699326,0.6383199989795685,0.782,41.27627158164978,0.07139097154140472,0.8136,0.7737320667795633
0.7764437835216522,0.7083470463752747,0.7541,31.607898950576782,-0.24711516499519348,0.8136,0.771768860101607
0.8055536308288574,0.7582368314266205,0.7381,31.334320068359375,-0.5213908553123474,0.8136,0.7684019740914463
0.6985254534482956,0.6989313101768494,0.7566,30.786266803741455,-0.14340652525424957,0.8136,0.7672217766823016
0.6337696726322174,0.6022925144433975,0.7914,62.439810276031494,0.212004154920578,0.8136,0.7696395990140714
0.6070101931095123,0.5908079433441162,0.7976,32.37045216560364,0.29424524307250977,0.8136,0.7724356391126642
0.6438169573545456,0.6264081859588623,0.7844,41.13693928718567,0.12230964750051498,0.8136,0.7736320752013978
0.5328157842159271,0.6168839114904404,0.7902,56.86106586456299,0.13886946439743042,0.8136,0.7752888676812579
0.7212135088443756,0.6970199453830719,0.7568,30.62787675857544,-0.14610931277275085,0.8136,0.7734399809131322
0.6677122418880462,0.6195649331808091,0.7817,37.41944479942322,0.05808532238006592,0.8136,0.7742659828218189
0.5887063442468643,0.6187714058160781,0.7902,90.96447205543518,0.14467979967594147,0.8136,0.775859384539637
0.6402814402580261,0.6174855184555054,0.788,67.04821729660034,0.1276894062757492,0.8136,0.7770734460856733
0.7412127981185913,0.7041653311252594,0.7564,66.31679463386536,-0.17613737285137177,0.8136,0.7750061014771059
0.7432104148864747,0.705016895532608,0.7551,59.48404097557068,-0.1693054437637329,0.8136,0.7730154913293953
0.6381209661960602,0.6170916652679443,0.7883,34.01016902923584,0.1542753130197525,0.8136,0.7745439421964557
0.5750862368345261,0.5773983126878739,0.8027,31.03690242767334,0.28473809361457825,0.8136,0.7773595479768102
0.6468624413013458,0.6487469983100891,0.7778,66.55861616134644,0.0028362488374114037,0.8136,0.7774035931791291
0.6617970790863037,0.6589624643325805,0.7734,121.55043864250183,-0.04035544767975807,0.8136,0.7770032338612162
0.6509489175081253,0.6525822097063064,0.775,56.590927600860596,-0.021115416660904884,0.8136,0.7768029104750945
0.5629357067346573,0.5798460590839386,0.7981,42.296555519104004,0.2060617357492447,0.8136,0.7789326194275852
0.6172262428998947,0.605623751282692,0.7896,41.052109479904175,0.08254189044237137,0.8136,0.7799993574848267
0.5533353697061538,0.5831320810317994,0.7999,76.01853537559509,0.127913236618042,0.8136,0.7819894217363441
0.5516770057678223,0.5900611209869385,0.8047,104.93297505378723,0.12915946543216705,0.8136,0.7842604795627097
0.5799486206769944,0.5935954231023789,0.7947,31.783732414245605,0.09201910346746445,0.8136,0.7853044316064388
0.8392549862861634,0.7752445912361146,0.7297,31.615421295166016,-0.594122588634491,0.8136,0.779743988445795
0.6085614272356034,0.6131357157230377,0.7903,65.41078782081604,0.08030775934457779,0.8136,0.7807995896012154
0.550022707939148,0.5730612421035767,0.8078,104.83255219459534,0.16037210822105408,0.8136,0.7834996306410938
0.8896461682319641,0.8030290639400482,0.7182,30.89570140838623,-0.652645468711853,0.8136,0.7769696675769845
0.7169708034992218,0.735934488773346,0.7445,31.595656394958496,-0.4319407641887665,0.8136,0.7737227008192861
0.8662764949798584,0.8291387617588043,0.7097,35.28144192695618,-0.7868921160697937,0.8136,0.7673204307373575
0.5583053066730499,0.5901573121547699,0.7998,40.83039736747742,0.24739600718021393,0.8136,0.7705683876636217
0.5236890527009964,0.5627845323085785,0.8077,44.1093111038208,0.3212118446826935,0.8136,0.7742815488972595
0.926178020954132,0.8674853718280793,0.6944,58.67107081413269,-0.7605283856391907,0.8136,0.7662933940075335
0.6245082503557206,0.6369303530454635,0.7854,107.74733233451843,0.17515715956687927,0.8136,0.7682040546067801
0.5859322177171707,0.6019019460678101,0.7955,67.42171835899353,0.17701290547847748,0.8136,0.7709336491461021
0.721475218296051,0.6903144407272339,0.7611,33.71661639213562,-0.09133253991603851,0.8136,0.7699502842314919
0.599237715959549,0.595767725110054,0.7902,67.12779092788696,0.18554528057575226,0.8136,0.7719752558083427
0.6645219271183014,0.663152277469635,0.7719,99.6589663028717,-0.0006886392366141081,0.8136,0.7719677302275084
0.6405828436613082,0.6230519866943359,0.7841,53.494141817092896,0.1268829107284546,0.8136,0.7731809572047575
0.653038446187973,0.6377962708473206,0.7734,98.76041531562805,0.00136933836620301,0.8136,0.7732028614842817
0.6177355182170868,0.6200454556941986,0.7888,33.55980157852173,0.15944378077983856,0.8136,0.7747625753358536
0.5299189239740372,0.557301617860794,0.8067,57.30852174758911,0.29219850897789,0.8136,0.7779563178022683
0.6920137269496918,0.6539632093906402,0.7743,61.556013345718384,-0.02663559466600418,0.8136,0.7775906860220414
0.588235092997551,0.5882519900798797,0.7931,73.8728199005127,0.10202309489250183,0.8136,0.7791416174198372
0.7297916030883789,0.7377672457695007,0.7434,72.36582946777344,-0.2999325394630432,0.8136,0.7755674556778535
0.5773793879747391,0.6026445430517197,0.7921,78.39175486564636,0.12882478535175323,0.8136,0.7772207101100681
0.6700644555091858,0.6792126661539077,0.7658,54.88317060470581,-0.09361521899700165,0.8136,0.7760786390990613
0.5525024763345718,0.5925828766822815,0.8045,104.9405267238617,0.15032818913459778,0.8136,0.7789207751891551
0.5105390599966049,0.5536020267009735,0.8115,37.43057155609131,0.2324398308992386,0.8136,0.7821786976702396
1.027834506034851,1.0062677299976348,0.6418,70.65570020675659,-1.272076964378357,0.8136,0.7681408279032157
0.4992000148296356,0.5587189465761184,0.8082,54.20608735084534,0.2857399880886078,0.8136,0.7721467451128942
0.6274410662651062,0.6134203135967254,0.7885,38.27323031425476,0.14003179967403412,0.8136,0.7737820706016048
0.5076529210805893,0.556956769824028,0.8145,56.989097595214844,0.28232163190841675,0.8145,0.7778538635414444
0.7921560196876526,0.7860059857368469,0.7218,34.180713176727295,-0.936241626739502,0.8145,0.7722484771872999
0.5940380854606628,0.6339863377809525,0.7873,71.9985716342926,0.12365972250699997,0.8145,0.77375362946857
0.81450546169281,0.8106362414360047,0.7156,31.25715661048889,-0.5458226799964905,0.8145,0.7679382665217129
0.7030280559062958,0.6872304487228393,0.761,47.67724299430847,-0.06268627196550369,0.8145,0.7672444398695416
0.6461299946308136,0.6702460259199142,0.7721,96.03534436225891,0.04788855090737343,0.8145,0.7677299958825875
0.5242305485010147,0.5863108098506927,0.8033,80.92276334762573,0.30801311135292053,0.8145,0.7712869962943287
0.6605380373001098,0.6413109087944031,0.7771,41.84955978393555,0.05754653736948967,0.8145,0.7718682966648959
0.7493416011333466,0.7336261284351349,0.7433,39.026148080825806,-0.32598641514778137,0.8145,0.7690114669984063
0.5418020123243332,0.5745959430932999,0.8034,82.77758312225342,0.1948062926530838,0.8145,0.7724503202985656
0.5715486717224121,0.5856536960601807,0.8013,41.50844192504883,0.18282729387283325,0.8145,0.775335288268709
0.5586468507051467,0.5727403259277344,0.8007,77.73251152038574,0.1491321623325348,0.8145,0.7778717594418381
0.5514711174964905,0.575868918299675,0.8055,33.10471558570862,0.20504197478294373,0.8145,0.7806345834976542
0.647043839097023,0.6427847909927368,0.7807,49.565730810165405,0.0005692684790119529,0.8145,0.7806411251478889
0.6456771655082703,0.6322335416078567,0.7833,59.321338415145874,0.0251025203615427,0.8145,0.7809070126331
0.5878621071577073,0.5836311078071594,0.802,31.885906219482422,0.16044142842292786,0.8145,0.7830163113697901
0.586529519200325,0.595324588418007,0.7968,31.368154287338257,0.1431320160627365,0.8145,0.7843946802328111
0.707529881477356,0.6493809688091278,0.7712,36.78716516494751,-0.13127200305461884,0.8145,0.78307521220953
0.94734037733078,0.8727613985538483,0.6865,41.08760070800781,-0.9637306928634644,0.8145,0.773417690988577
0.6314680285453796,0.6242780762910843,0.7845,41.12562441825867,0.13668207824230194,0.8145,0.7745259218897194
0.5294843488931655,0.5781425362825394,0.8031,81.6649923324585,0.1598515808582306,0.8145,0.7773833297007474
0.5789631917476654,0.5732002490758896,0.8059,36.027666091918945,0.23065069317817688,0.8145,0.7802349967306726
0.5466447501182556,0.5693544751405716,0.7993,35.2987916469574,0.13575796782970428,0.8145,0.7821414970576054
0.5763635165691375,0.5773523807525635,0.8014,35.545926332473755,0.2122083604335785,0.8145,0.7840673473518448
0.6008741155862808,0.632393302321434,0.782,63.61142539978027,-0.019097430631518364,0.8145,0.7838606126166603
0.47979446411132814,0.5395991522073745,0.8161,67.07790350914001,0.18797628581523895,0.8161,0.7870845513549942
0.6089047125577927,0.6150254547595978,0.787,31.910103797912598,-0.0008619140717200935,0.8161,0.7870760962194948
0.5914676719903946,0.6073211663961411,0.793,55.55885338783264,0.04559566453099251,0.8161,0.7876684865975454
0.5526158584356308,0.5581120502948761,0.8082,61.37953472137451,0.11969272792339325,0.8161,0.7897216379377909
0.5845602986812591,0.5620525598526,0.8073,31.245699405670166,0.16985024511814117,0.8161,0.7914794741440119
0.6538553354740143,0.6716483014822007,0.7678,73.04683470726013,-0.16949397325515747,0.8161,0.7891115267296107
0.6033057668209076,0.5951865839958191,0.7915,31.737313270568848,0.018085656687617302,0.8161,0.7893503740566497
0.6073534053564071,0.6457587897777557,0.7753,67.31587767601013,-0.09851127117872238,0.8161,0.7879453366509847
0.6517499545812607,0.632533946633339,0.7847,34.650951862335205,-0.027122078463435173,0.8161,0.7876208029858862
0.6018341714143753,0.607411590218544,0.7947,52.2865846157074,0.06947827339172363,0.8161,0.7883287226872977
0.543625917315483,0.5842378771305085,0.8008,81.6104166507721,0.06941057741641998,0.8161,0.7895758504185679
0.5817536294460297,0.6121622163057328,0.7859,69.1115894317627,-0.02370614930987358,0.8161,0.7892082653767112
0.5858630671501159,0.5976783967018128,0.7977,70.32019782066345,0.06571171432733536,0.8161,0.7900574388390401
0.6520982283353806,0.6124658930301666,0.7938,41.697848320007324,0.03248531371355057,0.8161,0.7904316949551361
0.89084818816185,0.8353980934619903,0.7061,34.55149531364441,-1.1338930130004883,0.8161,0.7819985254596225
0.7126049356460571,0.7074376094341278,0.7573,31.362033128738403,-0.23130036890506744,0.8161,0.7795286729136602
0.6369677612781525,0.6590479302406311,0.7734,52.005922079086304,-0.08047648519277573,0.8161,0.7789158056222942
0.8258407752513885,0.8913610804080964,0.6885,80.1042549610138,-1.1277915239334106,0.8161,0.7698742250600648
0.5352971807718278,0.5532519841194152,0.8142,41.22345185279846,0.4104304611682892,0.8161,0.7743068025540583
0.5470972212553025,0.5716002172231675,0.8087,51.259865045547485,0.21526014804840088,0.8161,0.7777461222986525
0.6327791162729264,0.6438679826259613,0.7774,33.84265875816345,-0.002970188856124878,0.8161,0.7777115100687872
0.599340552330017,0.6161475229263306,0.7907,63.05412840843201,0.09097792953252792,0.8161,0.7790103590619085
0.5593516904115677,0.5488833063840866,0.8135,102.04692649841309,0.18183647096157074,0.8161,0.7824593231557178
0.5383337514400482,0.5701537007093429,0.8033,58.3069863319397,0.12417509406805038,0.8161,0.784543390840146
0.5255007178783416,0.5493770676851273,0.8052,45.09478306770325,0.15793386101722717,0.8161,0.7866090517561315
0.49807903373241424,0.5805041259527206,0.8017,38.76596808433533,0.1379958987236023,0.8161,0.7881181465805184
0.727636598110199,0.7100005149841309,0.7512,37.504807233810425,-0.3952963054180145,0.8161,0.7844263319224665
0.5106833564043045,0.5678895670175552,0.8046,54.23261213302612,0.13274098932743073,0.8161,0.7864436987302198
0.6013439750671387,0.6130130833387375,0.7894,35.35851526260376,0.023558054119348526,0.8161,0.7867393288571979
0.6280905705690384,0.6308969908952713,0.7824,59.67276644706726,-0.034076154232025146,0.8161,0.7863053959714781
0.5218272125720977,0.5658046007156372,0.8061,58.346129417419434,0.11442916095256805,0.8161,0.7882848563743302
0.5373099825382233,0.5663065946102143,0.8089,52.773165464401245,0.15370409190654755,0.8161,0.7903463707368972
0.515274045586586,0.5538405025005341,0.8133,46.561317682266235,0.13734212517738342,0.8161,0.7926417336632074
0.6685381358861924,0.6380023944377899,0.7777,34.886634349823,-0.1288701295852661,0.8161,0.7911475602968867
0.5273584280014038,0.5631003832817078,0.8104,35.81952619552612,0.1515135020017624,0.8161,0.7930728042671981
0.776542432308197,0.7563282811641693,0.7369,34.16742515563965,-0.4960058331489563,0.8161,0.7874555238404783
0.6037054431438446,0.5834125745296478,0.7997,57.92890238761902,0.10505183786153793,0.8161,0.7886799714564305
0.5057571247816086,0.5332669967412949,0.8161,50.091763496398926,0.1577267199754715,0.8161,0.7914219743107874
0.6293297392129898,0.6311877655982971,0.7798,70.49336981773376,-0.11309477686882019,0.8161,0.7902597768797086
0.559652157664299,0.6013572007417679,0.7958,95.06877183914185,0.033286236226558685,0.8161,0.7908137991917378
0.6656394100189209,0.6448560482263566,0.7755,99.46785044670105,-0.09887433797121048,0.8161,0.789282419272564
0.5974533497095108,0.5700444638729095,0.8036,43.354806661605835,0.09937825798988342,0.8161,0.7907141773453077
0.6127978454828262,0.6151899236440659,0.7908,35.12115168571472,0.0006784399156458676,0.8161,0.7907227596107769
0.5691662708520889,0.5735196840763092,0.8034,82.76472043991089,0.06518041342496872,0.8161,0.7919904836496992
0.7072561848163604,0.6760891604423523,0.7653,30.884727239608765,-0.2878252863883972,0.8161,0.7893214352847292
0.5695351004600525,0.5710673356056213,0.8049,94.47815728187561,0.08123797178268433,0.8161,0.7908792917562563
0.6525424956083298,0.6273307591676712,0.7802,30.92964458465576,-0.0920284315943718,0.8161,0.7898113625806307
0.5901017246246338,0.5790920001268387,0.8014,77.2952709197998,0.08354843407869339,0.8161,0.7909702263225676
0.6203855333328248,0.6192329180240631,0.7871,82.91921257972717,-0.033246446400880814,0.8161,0.7905832036903109
0.5084509023427963,0.5415632337331772,0.8175,53.864986181259155,0.15159182250499725,0.8175,0.7932748833212798
0.6897305736541748,0.6572273516654968,0.773,31.810858249664307,-0.2453264594078064,0.8175,0.7912473949891519
0.6444016340970993,0.6199252772331237,0.7877,30.473776817321777,-0.03499085083603859,0.8175,0.7908926554902367
0.5357419347763062,0.5692003375291824,0.8066,69.87906551361084,0.09580685198307037,0.8175,0.792463389941213
0.7569459571838378,0.691550396680832,0.7561,32.83000087738037,-0.4098623991012573,0.8175,0.7888270509470917
0.6458892676830291,0.6492151570320129,0.7771,41.256468296051025,-0.09052059799432755,0.8175,0.7876543458523825
0.7664253082275391,0.7250528717041016,0.7475,32.74068570137024,-0.47297051548957825,0.8175,0.7836389112671442
0.49674885177612305,0.5153666818141938,0.8242,60.23174428939819,0.2210584282875061,0.8242,0.7876950201404298
0.5918249753713608,0.6035494178533554,0.7966,86.10642504692078,0.06757679581642151,0.8242,0.7885855181263868
0.5654040215015411,0.5843798917531967,0.802,35.78973317146301,0.09348084777593613,0.8242,0.789926966313748
0.5614786382913589,0.592198116183281,0.7996,47.412269830703735,0.06608369946479797,0.8242,0.7908942696823733
0.5403770841360093,0.5639242017269135,0.807,98.94304251670837,0.07562053203582764,0.8242,0.792504842714136
0.6250699952840805,0.587611259818077,0.7984,123.88512516021729,0.04536810889840126,0.8242,0.7930943584427225
0.748384886264801,0.7715101420879364,0.7341,35.91345500946045,-0.912151038646698,0.8242,0.7871949225984503
0.5631580337285995,0.5722866052389145,0.8022,72.4024977684021,0.08019905537366867,0.8242,0.7886954303386052
0.5503741439580917,0.547783819437027,0.8104,99.05300235748291,0.1006920263171196,0.8242,0.7908658873047447
0.6716989592313767,0.6262298047542572,0.7868,34.01683020591736,-0.041581686586141586,0.8242,0.7904592985742702
0.498539638876915,0.561733039021492,0.8042,61.34516215324402,0.07042702287435532,0.8242,0.7918333687168433
0.5211428765058518,0.5346698278188705,0.8174,99.12426662445068,0.11711777746677399,0.8242,0.7943900318451589
0.5860120583772659,0.61922900557518,0.7879,104.76864910125732,-0.030187128111720085,0.8242,0.793741028660643
0.5509542220830917,0.5730624449253082,0.8063,61.39600396156311,0.06397847831249237,0.8242,0.7949969257945787
0.5139829251766205,0.530152952671051,0.8121,53.82203698158264,0.09304076433181763,0.8242,0.7967072332151208
0.6303912200927735,0.6461089026927948,0.7766,81.63131642341614,-0.0989392101764679,0.8242,0.7946965098936087
0.5484583452939987,0.551736102104187,0.8125,69.95693182945251,0.10364606231451035,0.8242,0.7964768589042479
0.529087314248085,0.5584788763523102,0.8083,58.31157374382019,0.06297935545444489,0.8242,0.797659173013823
0.5936727721691132,0.6168120342493058,0.7911,98.63501691818237,-0.055369745939970016,0.8242,0.7970032557124408
0.5261904165744782,0.5439152395725251,0.8152,42.05642485618591,0.13300958275794983,0.8242,0.7988229301411967
0.6319503005743027,0.6359882938861847,0.7885,110.26885271072388,-0.06998558342456818,0.8242,0.797790637127077
0.4924173276424408,0.554698394536972,0.8131,39.4111750125885,0.1095246821641922,0.8242,0.7993215734143693
0.5072125473022461,0.5726686877012253,0.8065,76.37125182151794,0.04010641574859619,0.8242,0.8000394160729324
0.6122862793207169,0.5916584074497223,0.7956,40.91529893875122,-0.0394335575401783,0.8242,0.7995954744656392
0.539608304977417,0.5476971065998077,0.8088,81.57625699043274,0.041967347264289856,0.8242,0.8005159270190753
0.5521876922845841,0.5607584804296494,0.8069,74.59187054634094,0.036248255521059036,0.8242,0.8011543343171676
0.5688432173728943,0.5995894503593445,0.7926,35.20268535614014,-0.06323385238647461,0.8242,0.8002989008854509
0.6001419203281403,0.6093023681640625,0.7898,93.26247596740723,-0.059036221355199814,0.8242,0.7992490107969057
0.5726562457084656,0.5875505417585373,0.7998,104.88782858848572,0.0023063700646162033,0.8242,0.7993041097172151
0.5173283445835114,0.5946749716997146,0.7965,46.10089898109436,-0.022957755252718925,0.8242,0.7990236987454936
0.5297730646133423,0.5452677124738693,0.8183,75.18382787704468,0.08989810198545456,0.8242,0.8009513288709442
0.49595342767238615,0.5453314989805221,0.8172,67.18910551071167,0.07752025872468948,0.8242,0.8025761959838499
0.6489994295835495,0.6340623342990875,0.783,39.78782510757446,-0.19067569077014923,0.8242,0.800618576385465
0.5443275165557862,0.5484990245103836,0.8095,40.99775266647339,0.07661014050245285,0.8242,0.8015067187469185
0.6314521284103394,0.6429111981391906,0.7763,51.73054480552673,-0.22024385631084442,0.8242,0.7989860468722266
0.6290134786367416,0.6798654937744141,0.7711,101.99752235412598,-0.21685652434825897,0.8242,0.796197442185004
0.5814046598672867,0.6055397444963455,0.7952,149.88293075561523,-0.006756267044693232,0.8242,0.7960976979665035
0.5413654812574387,0.5575071662664414,0.8116,50.096240282058716,0.08424195647239685,0.8242,0.7976479281698532
0.5987407519817353,0.607940347790718,0.7905,78.79303908348083,-0.06263186782598495,0.8242,0.7969331353528678
0.5772515765428543,0.5772393530607224,0.8005,69.67500329017639,0.01926513947546482,0.8242,0.797289821817581
0.5036603325605392,0.5587450581789016,0.8122,44.04807114601135,0.08192027360200882,0.8242,0.7987808396358229
0.5876754032373428,0.5913916057348252,0.796,99.68730473518372,-0.020659197121858597,0.8242,0.7985027556722406
0.5630645792484283,0.5795688712596894,0.8007,96.5218734741211,0.010432327166199684,0.8242,0.7987224801050166
0.5658989562988281,0.5716431999206543,0.8071,39.28516936302185,0.06554751843214035,0.8242,0.7995602320945149
0.5656493391990661,0.6024133121967316,0.7992,38.90505313873291,-0.0030080873984843493,0.8242,0.7995242088850634
0.9180667808055878,0.9289574933052063,0.6738,83.89786911010742,-1.6989762783050537,0.8242,0.7869517879965571
0.6867077294588089,0.6860609471797943,0.7572,98.0656750202179,-0.2120581716299057,0.8242,0.7839766091969014
0.5488659341335297,0.5643015658855438,0.8054,97.79539704322815,0.10995209217071533,0.8242,0.7861189482772112
0.5617274825572968,0.5647695511579514,0.8076,94.50128674507141,0.10531022399663925,0.8242,0.78826705344949
0.5759805499315261,0.5721298325061798,0.7998,34.37629818916321,0.08089492470026016,0.8242,0.789420348104541
0.531643655538559,0.5575311601161956,0.8094,51.883891344070435,0.20045773684978485,0.8242,0.791418313294087
0.612204341173172,0.5884458011388779,0.7946,40.86862015724182,0.0223816130310297,0.8242,0.7917364819646783
0.5653175194263458,0.5893785017728805,0.801,98.53002262115479,0.08289184421300888,0.8242,0.7926628337682105
0.5361168279647827,0.5788564842939377,0.8024,42.534842014312744,0.057517003268003464,0.8242,0.7936365503913894
0.5738533035516739,0.5605476909875869,0.8075,41.01090168952942,0.1350449174642563,0.8242,0.7950228953522505
0.5320237371921539,0.5941887295246124,0.7978,87.3457338809967,0.012936996296048164,0.8242,0.7953006058170254
0.5453122715950012,0.5631079941987991,0.8122,33.43084955215454,0.18659117817878723,0.8242,0.7969905452353229
0.5524819402694702,0.5562126171588898,0.8135,62.928122997283936,0.11469539254903793,0.8242,0.7986414907117905
0.8254305038452149,0.8449755012989044,0.6994,87.2737557888031,-1.0124229192733765,0.8242,0.7887173416406115
0.5459093980789185,0.5762783843278885,0.8029,72.47142791748047,0.07146003097295761,0.8242,0.7901356074765503
0.791812360048294,0.8070335769653321,0.716,84.33397078514099,-0.7978814244270325,0.8242,0.7827220467288953
0.5511622627973557,0.5539473378658295,0.809,46.632216930389404,0.1527356058359146,0.8242,0.7853498420560058
0.5333147253990174,0.5688705730438233,0.8069,75.11704516410828,0.12451145797967911,0.8242,0.7875048578504051
0.4887656396627426,0.5273130440711975,0.8203,39.41466546058655,0.1910984069108963,0.8242,0.7907843720653646
0.5890807065963745,0.6005748397111893,0.7935,73.88933086395264,0.017663197591900826,0.8242,0.7910559348588282
0.7452975795269012,0.7173217117786408,0.752,34.642858266830444,-0.5717989206314087,0.8242,0.7871503413729455
0.5587614701986313,0.5663846796751022,0.8077,104.80847239494324,0.09365390986204147,0.8242,0.789205307235651
0.5394780439138412,0.5592906993627548,0.8113,38.97954344749451,0.15106071531772614,0.8242,0.7914147765120858
0.5578228793144226,0.5751406401395798,0.8055,35.45592999458313,0.14986611902713776,0.8242,0.7928232988608772
0.7816526653766632,0.7621794080734253,0.7322,60.59588813781738,-0.6167994737625122,0.8242,0.7867609689747894
0.7474903926849366,0.7419978845119476,0.7434,97.97602319717407,-0.3079754114151001,0.8242,0.7824248720773105
0.5144722388982773,0.5526018011569976,0.8125,77.73442053794861,0.15480652451515198,0.8242,0.7854323848695794
0.5570325789451599,0.591143673658371,0.8013,32.87680697441101,0.1207101121544838,0.8242,0.7870191463826215
0.5412989448308945,0.5768642675876617,0.8032,47.958765506744385,0.10945408791303635,0.8242,0.7886372317443593
0.5563032865524292,0.5798664027452469,0.8011,72.39748024940491,0.11451661586761475,0.8242,0.7898835085699234
0.5801013741493225,0.6022521275281906,0.7928,89.04335284233093,0.016857774928212166,0.8242,0.7901751577129311
0.5909484132528305,0.598465433716774,0.7981,62.23304557800293,0.06864773482084274,0.8242,0.790967641941638
0.5736581076383591,0.6160225015878678,0.7924,57.98130965232849,0.011040102690458298,0.8242,0.7911108777474742
0.7013806068897247,0.7347375464439392,0.7419,32.117716550827026,-0.5945914387702942,0.8242,0.7861897899727268
0.5763344388008118,0.6076527935266495,0.7902,34.50578451156616,0.035065554082393646,0.8242,0.7865908109754541
0.5265338710546493,0.5330913716554642,0.819,34.40954327583313,0.2230200171470642,0.8242,0.7898317298779087
0.573015017747879,0.6315438383817673,0.7803,71.37634181976318,-0.05640294402837753,0.8242,0.7888785568901178
0.4949303082227707,0.5313328301906586,0.8192,67.12844109535217,0.1319257766008377,0.8242,0.791910701201106
0.5130958483219147,0.556073551774025,0.8135,58.18232774734497,0.10321070998907089,0.8242,0.7940696310809954
0.5571508373022079,0.5967688459157944,0.7962,41.44024395942688,0.01943560503423214,0.8242,0.7942826679728959
0.5631270903348923,0.5946512597799302,0.7978,60.21093773841858,0.016330115497112274,0.8242,0.7946344011756064
0.5206542690992355,0.5755285024642944,0.8012,38.269192695617676,0.042434077709913254,0.8242,0.7952909610580458
0.5490630958080291,0.5549085134267807,0.812,34.48503756523132,0.19238080084323883,0.8242,0.7969618649522412
0.5452114619016647,0.5587369132041932,0.8078,114.1177978515625,0.039239391684532166,0.8242,0.798045678457017
0.5516271361112595,0.6077405369281769,0.7939,64.52201294898987,-0.032745711505413055,0.8242,0.7976311106113153
0.528034982919693,0.5613159251213073,0.8116,75.15394878387451,0.05858837068080902,0.8242,0.7990279995501838
0.563955020070076,0.5740214186906815,0.8067,101.9671745300293,0.03690391406416893,0.8242,0.7997951995951654
0.5538493012189865,0.5944869190454483,0.7956,87.36604976654053,-0.018701372668147087,0.8242,0.7993756796356488
0.5954670165777206,0.5781807172298431,0.8025,90.02162313461304,0.019007548689842224,0.8242,0.799688111672084
0.5603966645002365,0.5952695780992507,0.7937,107.57976627349854,-0.02354438602924347,0.8242,0.7990893005048756
0.5703220345973968,0.6074920976161957,0.7867,40.46406102180481,-0.09704224765300751,0.8242,0.7978503704543881
0.6183238875865936,0.6379787188768387,0.7778,35.68960642814636,-0.1657777577638626,0.8242,0.7958453334089493
0.6152128403186798,0.6322414791584015,0.7775,100.85676407814026,-0.10207690298557281,0.8242,0.7940108000680544
0.5799743273258209,0.6434628593921662,0.7815,40.96479344367981,-0.08563774079084396,0.8242,0.7927597200612488
0.6991311942338944,0.6833838427066803,0.7616,33.7291522026062,-0.38883885741233826,0.8242,0.7896437480551239
0.550993514418602,0.5646656143665314,0.8062,72.37738299369812,0.07911523431539536,0.8242,0.7912993732496116
0.5235536803007126,0.5609927892684936,0.8115,55.694746255874634,0.11725380271673203,0.8242,0.7933194359246505
0.5462012450695037,0.6379117482900619,0.7851,40.844027519226074,-0.05995993688702583,0.8242,0.7924974923321855
0.5714342273473739,0.6229239362478256,0.7813,104.75025248527527,-0.0498870387673378,0.8242,0.791377743098967
0.4977600564956665,0.5361858099699021,0.8195,45.71739983558655,0.17497000098228455,0.8242,0.7941899687890703
0.610243982553482,0.6209693789482117,0.7865,39.499704360961914,-0.06643979996442795,0.8242,0.7934209719101634
0.6615613166093827,0.6442169463634491,0.772,104.9046277999878,-0.08334187418222427,0.8242,0.791278874719147
0.535128114104271,0.5882239121198655,0.8001,87.3119125366211,0.03929365053772926,0.8242,0.7921609872472324
0.5321371259689331,0.5612548637390137,0.8074,79.67605185508728,0.0852610245347023,0.8242,0.7936848885225092
0.5667895175218582,0.6162317514419555,0.7914,80.39834642410278,-0.01236603781580925,0.8242,0.7934563996702583
0.5802315254211425,0.6174098628759385,0.786,114.05950856208801,-0.02640306018292904,0.8242,0.7927107597032325
0.5137833541631699,0.5348244988918305,0.8151,58.20781636238098,0.10540319234132767,0.8242,0.7949496837329092
0.5560268311500549,0.6138569122552872,0.789,67.54555201530457,-0.04704213887453079,0.8242,0.7943547153596182
0.5379649089574814,0.5764718919992446,0.8019,58.24662709236145,0.035378940403461456,0.8242,0.7951092438236564
0.567620116353035,0.575449024438858,0.8024,78.83095073699951,0.04098377749323845,0.8242,0.7958383194412908
0.6576113375425339,0.6216882348060608,0.7874,66.99987053871155,-0.056756068021059036,0.8242,0.7949944874971617
0.5253925853967667,0.5605980384349823,0.8085,81.54091453552246,0.05105414241552353,0.8242,0.7963450387474456
0.6024388155937195,0.6120288783311844,0.7915,62.20838928222656,-0.03726678714156151,0.8242,0.7958605348727009
0.6413032208681106,0.6701708608865737,0.7731,40.942678928375244,-0.26525986194610596,0.8242,0.7935844813854308
0.5993276175260543,0.5981970858573914,0.7942,97.81370258331299,0.003137602936476469,0.8242,0.7936460332468878
0.5786102417707443,0.5820610755681992,0.8012,103.35650444030762,0.04376713186502457,0.8242,0.794401429922199
0.5426922470331192,0.5660185754299164,0.8091,97.7410659790039,0.0748465359210968,0.8242,0.7958712869299791
0.5808699697256088,0.5844671332836151,0.8028,91.64792776107788,0.042698998004198074,0.8242,0.7965641582369812
0.5466407153606415,0.5668465876579285,0.8064,81.64327311515808,0.03699858486652374,0.8242,0.7975477424132831
0.5099705753326416,0.5358501237630844,0.8186,58.1855525970459,0.09754511713981628,0.8242,0.7996529681719547
